domain_size,level,category,plan_length,generation_time,status
15,0,physical,1,0.3973228931427002,SOLVED_OPTIMALLY
15,0,social,0,0.27098727226257324,SOLVED_OPTIMALLY
15,0,cognitive,2,0.37746262550354004,SOLVED_OPTIMALLY
15,1,physical,2,0.39257383346557617,SOLVED_OPTIMALLY
15,1,social,2,0.40496325492858887,SOLVED_OPTIMALLY
15,1,cognitive,2,0.33346009254455566,SOLVED_OPTIMALLY
15,2,physical,2,0.2935330867767334,SOLVED_OPTIMALLY
15,2,social,2,0.3466641902923584,SOLVED_OPTIMALLY
15,2,cognitive,2,0.32738566398620605,SOLVED_OPTIMALLY
15,3,physical,1,0.2809762954711914,SOLVED_OPTIMALLY
15,3,social,1,0.29954957962036133,SOLVED_OPTIMALLY
15,3,cognitive,1,0.3160076141357422,SOLVED_OPTIMALLY
15,4,physical,1,0.27120518684387207,SOLVED_OPTIMALLY
15,4,social,1,0.2934300899505615,SOLVED_OPTIMALLY
15,4,cognitive,2,0.30236077308654785,SOLVED_OPTIMALLY
15,5,physical,1,0.29766106605529785,SOLVED_OPTIMALLY
15,5,social,1,0.26682162284851074,SOLVED_OPTIMALLY
15,5,cognitive,1,0.27788472175598145,SOLVED_OPTIMALLY
15,6,physical,3,0.3408033847808838,SOLVED_OPTIMALLY
15,6,social,1,0.3106539249420166,SOLVED_OPTIMALLY
15,6,cognitive,1,0.2618677616119385,SOLVED_OPTIMALLY
15,7,physical,2,0.27449893951416016,SOLVED_OPTIMALLY
15,7,social,1,0.26637768745422363,SOLVED_OPTIMALLY
15,7,cognitive,1,0.26421046257019043,SOLVED_OPTIMALLY
15,8,physical,2,0.3254251480102539,SOLVED_OPTIMALLY
15,8,social,1,0.270214319229126,SOLVED_OPTIMALLY
15,8,cognitive,1,0.25647425651550293,SOLVED_OPTIMALLY
15,9,physical,2,0.298861026763916,SOLVED_OPTIMALLY
15,9,social,1,0.2815091609954834,SOLVED_OPTIMALLY
15,9,cognitive,1,0.2717001438140869,SOLVED_OPTIMALLY
15,10,physical,2,0.333601713180542,SOLVED_OPTIMALLY
15,10,social,1,0.2542459964752197,SOLVED_OPTIMALLY
15,10,cognitive,1,0.2695751190185547,SOLVED_OPTIMALLY
15,11,physical,2,0.35728979110717773,SOLVED_OPTIMALLY
15,11,social,1,0.2966735363006592,SOLVED_OPTIMALLY
15,11,cognitive,2,0.3151865005493164,SOLVED_OPTIMALLY
15,12,physical,2,0.2829420566558838,SOLVED_OPTIMALLY
15,12,social,2,0.30208492279052734,SOLVED_OPTIMALLY
15,12,cognitive,2,0.3085634708404541,SOLVED_OPTIMALLY
15,13,physical,2,0.3015305995941162,SOLVED_OPTIMALLY
15,13,social,2,0.3015787601470947,SOLVED_OPTIMALLY
15,13,cognitive,3,0.30544352531433105,SOLVED_OPTIMALLY
15,14,physical,2,0.30741047859191895,SOLVED_OPTIMALLY
15,14,social,2,0.2815847396850586,SOLVED_OPTIMALLY
15,14,cognitive,2,0.29502058029174805,SOLVED_OPTIMALLY
15,15,physical,2,0.2769646644592285,SOLVED_OPTIMALLY
15,15,social,2,0.29666733741760254,SOLVED_OPTIMALLY
15,15,cognitive,2,0.29220104217529297,SOLVED_OPTIMALLY
15,16,physical,5,0.360518217086792,SOLVED_OPTIMALLY
15,16,social,2,0.29177188873291016,SOLVED_OPTIMALLY
15,16,cognitive,3,0.28945422172546387,SOLVED_OPTIMALLY
15,17,physical,3,0.3026270866394043,SOLVED_OPTIMALLY
15,17,social,1,0.2936441898345947,SOLVED_OPTIMALLY
15,17,cognitive,2,0.30905771255493164,SOLVED_OPTIMALLY
15,18,physical,3,0.2869889736175537,SOLVED_OPTIMALLY
15,18,social,2,0.30693817138671875,SOLVED_OPTIMALLY
15,18,cognitive,3,0.2919337749481201,SOLVED_OPTIMALLY
15,19,physical,4,0.3092978000640869,SOLVED_OPTIMALLY
15,19,social,2,0.29240965843200684,SOLVED_OPTIMALLY
15,19,cognitive,2,0.2827160358428955,SOLVED_OPTIMALLY
15,20,physical,4,0.31589698791503906,SOLVED_OPTIMALLY
15,20,social,3,0.2863340377807617,SOLVED_OPTIMALLY
15,20,cognitive,2,0.2834937572479248,SOLVED_OPTIMALLY
15,21,physical,3,0.2723655700683594,SOLVED_OPTIMALLY
15,21,social,3,0.3293581008911133,SOLVED_OPTIMALLY
15,21,cognitive,2,0.29025959968566895,SOLVED_OPTIMALLY
15,22,physical,5,0.34305644035339355,SOLVED_OPTIMALLY
15,22,social,2,0.3268306255340576,SOLVED_OPTIMALLY
15,22,cognitive,4,0.2828195095062256,SOLVED_OPTIMALLY
15,23,physical,4,0.32334160804748535,SOLVED_OPTIMALLY
15,23,social,2,0.290712833404541,SOLVED_OPTIMALLY
15,23,cognitive,3,0.28621983528137207,SOLVED_OPTIMALLY
15,24,physical,4,0.32761645317077637,SOLVED_OPTIMALLY
15,24,social,3,0.3128514289855957,SOLVED_OPTIMALLY
15,24,cognitive,4,0.2892148494720459,SOLVED_OPTIMALLY
15,25,physical,4,0.2984645366668701,SOLVED_OPTIMALLY
15,25,social,3,0.2868623733520508,SOLVED_OPTIMALLY
15,25,cognitive,3,0.3088343143463135,SOLVED_OPTIMALLY
15,26,physical,5,0.336270809173584,SOLVED_OPTIMALLY
15,26,social,4,0.30358171463012695,SOLVED_OPTIMALLY
15,26,cognitive,6,0.3148770332336426,SOLVED_OPTIMALLY
15,27,physical,4,0.37099456787109375,SOLVED_OPTIMALLY
15,27,social,3,0.3149540424346924,SOLVED_OPTIMALLY
15,27,cognitive,3,0.3225586414337158,SOLVED_OPTIMALLY
15,28,physical,4,0.2936561107635498,SOLVED_OPTIMALLY
15,28,social,2,0.32308006286621094,SOLVED_OPTIMALLY
15,28,cognitive,3,0.3013737201690674,SOLVED_OPTIMALLY
15,29,physical,4,0.3570725917816162,SOLVED_OPTIMALLY
15,29,social,3,0.3180818557739258,SOLVED_OPTIMALLY
15,29,cognitive,6,0.3221118450164795,SOLVED_OPTIMALLY
