challenge,name,description,image,video,h5p_slug,max_times_fired,min_days_between_fire,activityscheme_default,activityschemes_allowed,image_required,conditions,points,dataproviders
0,Take_100_steps,,https://campaigns.healthyw8.gamebus.eu/api/media/HW8-immutable/5ff935d3-d0ae-4dce-bfcd-d2f71bf2ca63.jpeg,,,1.0,7,WALK,WALK,0,"[STEPS, STRICTLY_GREATER, 100], [SECRET, EQUAL, xkq4cej50oou8sk8ig1ogmk5t]",1,GameBus Studio
0,Buy half heart,,https://campaigns.healthyw8.gamebus.eu/api/media/HW8-immutable/5ff935d3-d0ae-4dce-bfcd-d2f71bf2ca63.jpeg,,,,7,ConfusingArrowsData,ConfusingArrowsData,0,"[MINIGAME_BUY_HALF_HEART, STRICTLY_GREATER, 0],[MINIGAMESTATE_ID, EQUAL, 4]",-5,GameBus Studio
0,Score 40 points,,https://campaigns.healthyw8.gamebus.eu/api/media/HW8-immutable/5ff935d3-d0ae-4dce-bfcd-d2f71bf2ca63.jpeg,,,,7,ConfusingArrowsData,ConfusingArrowsData,0,"[MINIGAME_SCORE, STRICTLY_GREATER, 40],[MINIGAMESTATE_ID, EQUAL, 4]",15,GameBus Studio
0,Read a book,,https://campaigns.healthyw8.gamebus.eu/api/media/HW8-immutable/5ff935d3-d0ae-4dce-bfcd-d2f71bf2ca63.jpeg,,,1.0,7,WALK,WALK,0," [SECRET, EQUAL, fdjklagas37]",10,GameBus Studio
0,Call a friend/family member,,https://campaigns.healthyw8.gamebus.eu/api/media/HW8-immutable/5ff935d3-d0ae-4dce-bfcd-d2f71bf2ca63.jpeg,,,1.0,7,WALK,WALK,0," [SECRET, EQUAL, fdjklagas37]",10,GameBus Studio
1,Buy half heart,,https://campaigns.healthyw8.gamebus.eu/api/media/HW8-immutable/5ff935d3-d0ae-4dce-bfcd-d2f71bf2ca63.jpeg,,,,7,ConfusingArrowsData,ConfusingArrowsData,0,"[MINIGAME_BUY_HALF_HEART, STRICTLY_GREATER, 0],[MINIGAMESTATE_ID, EQUAL, 4]",-5,GameBus Studio
1,Score 40 points,,https://campaigns.healthyw8.gamebus.eu/api/media/HW8-immutable/5ff935d3-d0ae-4dce-bfcd-d2f71bf2ca63.jpeg,,,,7,ConfusingArrowsData,ConfusingArrowsData,0,"[MINIGAME_SCORE, STRICTLY_GREATER, 40],[MINIGAMESTATE_ID, EQUAL, 4]",15,GameBus Studio
1,Read a book,,https://campaigns.healthyw8.gamebus.eu/api/media/HW8-immutable/5ff935d3-d0ae-4dce-bfcd-d2f71bf2ca63.jpeg,,,1.0,7,WALK,WALK,0," [SECRET, EQUAL, fdjklagas37]",10,GameBus Studio
1,Call a friend/family member,,https://campaigns.healthyw8.gamebus.eu/api/media/HW8-immutable/5ff935d3-d0ae-4dce-bfcd-d2f71bf2ca63.jpeg,,,1.0,7,WALK,WALK,0," [SECRET, EQUAL, fdjklagas37]",10,GameBus Studio
1,Practice_a_memory_game,,https://campaigns.healthyw8.gamebus.eu/api/media/HW8-immutable/5ff935d3-d0ae-4dce-bfcd-d2f71bf2ca63.jpeg,,,1.0,7,GENERAL_ACTIVITY,GENERAL_ACTIVITY,0," [SECRET, EQUAL, qu4d7hrm3tasv3]",4,GameBus Studio
2,Attend_or_watch_a_lecture,,https://campaigns.healthyw8.gamebus.eu/api/media/HW8-immutable/5ff935d3-d0ae-4dce-bfcd-d2f71bf2ca63.jpeg,,,1.0,7,GENERAL_ACTIVITY,GENERAL_ACTIVITY,0," [SECRET, EQUAL, 6oh56hcdjvxwa77z33us]",5,GameBus Studio
2,Buy half heart,,https://campaigns.healthyw8.gamebus.eu/api/media/HW8-immutable/5ff935d3-d0ae-4dce-bfcd-d2f71bf2ca63.jpeg,,,,7,ConfusingArrowsData,ConfusingArrowsData,0,"[MINIGAME_BUY_HALF_HEART, STRICTLY_GREATER, 0],[MINIGAMESTATE_ID, EQUAL, 4]",-5,GameBus Studio
2,Score 40 points,,https://campaigns.healthyw8.gamebus.eu/api/media/HW8-immutable/5ff935d3-d0ae-4dce-bfcd-d2f71bf2ca63.jpeg,,,,7,ConfusingArrowsData,ConfusingArrowsData,0,"[MINIGAME_SCORE, STRICTLY_GREATER, 40],[MINIGAMESTATE_ID, EQUAL, 4]",15,GameBus Studio
2,Read a book,,https://campaigns.healthyw8.gamebus.eu/api/media/HW8-immutable/5ff935d3-d0ae-4dce-bfcd-d2f71bf2ca63.jpeg,,,1.0,7,WALK,WALK,0," [SECRET, EQUAL, fdjklagas37]",10,GameBus Studio
2,Call a friend/family member,,https://campaigns.healthyw8.gamebus.eu/api/media/HW8-immutable/5ff935d3-d0ae-4dce-bfcd-d2f71bf2ca63.jpeg,,,1.0,7,WALK,WALK,0," [SECRET, EQUAL, fdjklagas37]",10,GameBus Studio
3,Talk_to_a_family_member,,https://campaigns.healthyw8.gamebus.eu/api/media/HW8-immutable/5ff935d3-d0ae-4dce-bfcd-d2f71bf2ca63.jpeg,,,1.0,7,GENERAL_ACTIVITY,GENERAL_ACTIVITY,0," [SECRET, EQUAL, psiz5leobaqnfuz56gqa3qhxhwwnov0sxo524r2863x3rdn5j]",1,GameBus Studio
3,Practice_an_instrument,,https://campaigns.healthyw8.gamebus.eu/api/media/HW8-immutable/5ff935d3-d0ae-4dce-bfcd-d2f71bf2ca63.jpeg,,,1.0,7,GENERAL_ACTIVITY,GENERAL_ACTIVITY,0," [SECRET, EQUAL, 53kje2eatd24ishxfwfygnvt5fqlutolgoxp5uzrd035i4bnx]",6,GameBus Studio
3,Buy half heart,,https://campaigns.healthyw8.gamebus.eu/api/media/HW8-immutable/5ff935d3-d0ae-4dce-bfcd-d2f71bf2ca63.jpeg,,,,7,ConfusingArrowsData,ConfusingArrowsData,0,"[MINIGAME_BUY_HALF_HEART, STRICTLY_GREATER, 0],[MINIGAMESTATE_ID, EQUAL, 4]",-5,GameBus Studio
3,Score 40 points,,https://campaigns.healthyw8.gamebus.eu/api/media/HW8-immutable/5ff935d3-d0ae-4dce-bfcd-d2f71bf2ca63.jpeg,,,,7,ConfusingArrowsData,ConfusingArrowsData,0,"[MINIGAME_SCORE, STRICTLY_GREATER, 40],[MINIGAMESTATE_ID, EQUAL, 4]",15,GameBus Studio
3,Read a book,,https://campaigns.healthyw8.gamebus.eu/api/media/HW8-immutable/5ff935d3-d0ae-4dce-bfcd-d2f71bf2ca63.jpeg,,,1.0,7,WALK,WALK,0," [SECRET, EQUAL, fdjklagas37]",10,GameBus Studio
3,Call a friend/family member,,https://campaigns.healthyw8.gamebus.eu/api/media/HW8-immutable/5ff935d3-d0ae-4dce-bfcd-d2f71bf2ca63.jpeg,,,1.0,7,WALK,WALK,0," [SECRET, EQUAL, fdjklagas37]",10,GameBus Studio
3,Take_a_25-minute_walk_without_stopping,,https://campaigns.healthyw8.gamebus.eu/api/media/HW8-immutable/5ff935d3-d0ae-4dce-bfcd-d2f71bf2ca63.jpeg,,,1.0,7,GENERAL_ACTIVITY,GENERAL_ACTIVITY,0," [SECRET, EQUAL, 9gjzsj4lltmf16zcxtdmb1ufp]",6,GameBus Studio
4,Buy half heart,,https://campaigns.healthyw8.gamebus.eu/api/media/HW8-immutable/5ff935d3-d0ae-4dce-bfcd-d2f71bf2ca63.jpeg,,,,7,ConfusingArrowsData,ConfusingArrowsData,0,"[MINIGAME_BUY_HALF_HEART, STRICTLY_GREATER, 0],[MINIGAMESTATE_ID, EQUAL, 4]",-5,GameBus Studio
4,Score 40 points,,https://campaigns.healthyw8.gamebus.eu/api/media/HW8-immutable/5ff935d3-d0ae-4dce-bfcd-d2f71bf2ca63.jpeg,,,,7,ConfusingArrowsData,ConfusingArrowsData,0,"[MINIGAME_SCORE, STRICTLY_GREATER, 40],[MINIGAMESTATE_ID, EQUAL, 4]",15,GameBus Studio
4,Read a book,,https://campaigns.healthyw8.gamebus.eu/api/media/HW8-immutable/5ff935d3-d0ae-4dce-bfcd-d2f71bf2ca63.jpeg,,,1.0,7,WALK,WALK,0," [SECRET, EQUAL, fdjklagas37]",10,GameBus Studio
4,Call a friend/family member,,https://campaigns.healthyw8.gamebus.eu/api/media/HW8-immutable/5ff935d3-d0ae-4dce-bfcd-d2f71bf2ca63.jpeg,,,1.0,7,WALK,WALK,0," [SECRET, EQUAL, fdjklagas37]",10,GameBus Studio
4,Polygon_Escape: Score 15 points,,https://campaigns.healthyw8.gamebus.eu/api/media/HW8-immutable/5ff935d3-d0ae-4dce-bfcd-d2f71bf2ca63.jpeg,,,,7,PolygonEscape,PolygonEscape,0,"[MINIGAME_SCORE, STRICTLY_GREATER, 15],[MINIGAMESTATE_ID, EQUAL, 7]",15,GameBus Studio
4,Walk 1500 meters,,https://campaigns.healthyw8.gamebus.eu/api/media/HW8-immutable/5ff935d3-d0ae-4dce-bfcd-d2f71bf2ca63.jpeg,,,,7,WALK,WALK,0,"[DISTANCE, STRICTLY_GREATER, 1499]",15,GameBus Studio
4,Take_a_25-minute_walk_without_stopping,,https://campaigns.healthyw8.gamebus.eu/api/media/HW8-immutable/5ff935d3-d0ae-4dce-bfcd-d2f71bf2ca63.jpeg,,,1.0,7,GENERAL_ACTIVITY,GENERAL_ACTIVITY,0," [SECRET, EQUAL, st0mbi9r2yb92ttea9zbek37kfqk3f1b9wbyqv211q51]",6,GameBus Studio
4,Call_a_friend,,https://campaigns.healthyw8.gamebus.eu/api/media/HW8-immutable/5ff935d3-d0ae-4dce-bfcd-d2f71bf2ca63.jpeg,,,1.0,7,GENERAL_ACTIVITY,GENERAL_ACTIVITY,0," [SECRET, EQUAL, wpi55v08lytd0j2obmt04qyql05kic34r7ugd1a94butiita]",1,GameBus Studio
4,Practice_meditation,,https://campaigns.healthyw8.gamebus.eu/api/media/HW8-immutable/5ff935d3-d0ae-4dce-bfcd-d2f71bf2ca63.jpeg,,,1.0,7,GENERAL_ACTIVITY,GENERAL_ACTIVITY,0," [SECRET, EQUAL, hhksf8epqu02u2r1i7k7r9m3]",1,GameBus Studio
4,Learn_a_new_phrase,,https://campaigns.healthyw8.gamebus.eu/api/media/HW8-immutable/5ff935d3-d0ae-4dce-bfcd-d2f71bf2ca63.jpeg,,,1.0,7,GENERAL_ACTIVITY,GENERAL_ACTIVITY,0," [SECRET, EQUAL, 04ngbd2j689w3r22po2ilu8sjnlcpb7h7tz1ef9y05yzp2cznv]",1,GameBus Studio
5,Buy half heart,,https://campaigns.healthyw8.gamebus.eu/api/media/HW8-immutable/5ff935d3-d0ae-4dce-bfcd-d2f71bf2ca63.jpeg,,,,7,ConfusingArrowsData,ConfusingArrowsData,0,"[MINIGAME_BUY_HALF_HEART, STRICTLY_GREATER, 0],[MINIGAMESTATE_ID, EQUAL, 4]",-5,GameBus Studio
5,Score 40 points,,https://campaigns.healthyw8.gamebus.eu/api/media/HW8-immutable/5ff935d3-d0ae-4dce-bfcd-d2f71bf2ca63.jpeg,,,,7,ConfusingArrowsData,ConfusingArrowsData,0,"[MINIGAME_SCORE, STRICTLY_GREATER, 40],[MINIGAMESTATE_ID, EQUAL, 4]",15,GameBus Studio
5,Read a book,,https://campaigns.healthyw8.gamebus.eu/api/media/HW8-immutable/5ff935d3-d0ae-4dce-bfcd-d2f71bf2ca63.jpeg,,,1.0,7,WALK,WALK,0," [SECRET, EQUAL, fdjklagas37]",10,GameBus Studio
5,Call a friend/family member,,https://campaigns.healthyw8.gamebus.eu/api/media/HW8-immutable/5ff935d3-d0ae-4dce-bfcd-d2f71bf2ca63.jpeg,,,1.0,7,WALK,WALK,0," [SECRET, EQUAL, fdjklagas37]",10,GameBus Studio
5,Talk_to_an_old_colleague,,https://campaigns.healthyw8.gamebus.eu/api/media/HW8-immutable/5ff935d3-d0ae-4dce-bfcd-d2f71bf2ca63.jpeg,,,1.0,7,GENERAL_ACTIVITY,GENERAL_ACTIVITY,0," [SECRET, EQUAL, u9mi916sxxrdu2p505pogasa9d58ptbioyva9cdb0eyckwjar]",1,GameBus Studio
5,Take_a_25-minute_walk_without_stopping,,https://campaigns.healthyw8.gamebus.eu/api/media/HW8-immutable/5ff935d3-d0ae-4dce-bfcd-d2f71bf2ca63.jpeg,,,1.0,7,GENERAL_ACTIVITY,GENERAL_ACTIVITY,0," [SECRET, EQUAL, hihb7xf80khu1pxxaz72kq7pcdqwo7n5ucx]",6,GameBus Studio
5,Attend_or_watch_a_lecture,,https://campaigns.healthyw8.gamebus.eu/api/media/HW8-immutable/5ff935d3-d0ae-4dce-bfcd-d2f71bf2ca63.jpeg,,,1.0,7,GENERAL_ACTIVITY,GENERAL_ACTIVITY,0," [SECRET, EQUAL, c5nj36a6jn7zh4bwfg3o0li29gs6a5k]",5,GameBus Studio
5,Share_an_article,,https://campaigns.healthyw8.gamebus.eu/api/media/HW8-immutable/5ff935d3-d0ae-4dce-bfcd-d2f71bf2ca63.jpeg,,,1.0,7,GENERAL_ACTIVITY,GENERAL_ACTIVITY,0," [SECRET, EQUAL, wm5jqth5tyvhvcp]",1,GameBus Studio
6,Take_a_15-minute_walk_without_stopping,,https://campaigns.healthyw8.gamebus.eu/api/media/HW8-immutable/5ff935d3-d0ae-4dce-bfcd-d2f71bf2ca63.jpeg,,,1.0,7,GENERAL_ACTIVITY,GENERAL_ACTIVITY,0," [SECRET, EQUAL, 2z6cdtc4dd0rrhps]",1,GameBus Studio
6,Say_hi_to_a_colleague,,https://campaigns.healthyw8.gamebus.eu/api/media/HW8-immutable/5ff935d3-d0ae-4dce-bfcd-d2f71bf2ca63.jpeg,,,1.0,7,GENERAL_ACTIVITY,GENERAL_ACTIVITY,0," [SECRET, EQUAL, xdwtwci59yzy2hskemh7knnykssinhts85ndsn5oxt2]",1,GameBus Studio
6,Practice_creative_writing,,https://campaigns.healthyw8.gamebus.eu/api/media/HW8-immutable/5ff935d3-d0ae-4dce-bfcd-d2f71bf2ca63.jpeg,,,1.0,7,GENERAL_ACTIVITY,GENERAL_ACTIVITY,0," [SECRET, EQUAL, b9n12xcw2d]",10,GameBus Studio
6,Buy half heart,,https://campaigns.healthyw8.gamebus.eu/api/media/HW8-immutable/5ff935d3-d0ae-4dce-bfcd-d2f71bf2ca63.jpeg,,,,7,ConfusingArrowsData,ConfusingArrowsData,0,"[MINIGAME_BUY_HALF_HEART, STRICTLY_GREATER, 0],[MINIGAMESTATE_ID, EQUAL, 4]",-5,GameBus Studio
6,Score 40 points,,https://campaigns.healthyw8.gamebus.eu/api/media/HW8-immutable/5ff935d3-d0ae-4dce-bfcd-d2f71bf2ca63.jpeg,,,,7,ConfusingArrowsData,ConfusingArrowsData,0,"[MINIGAME_SCORE, STRICTLY_GREATER, 40],[MINIGAMESTATE_ID, EQUAL, 4]",15,GameBus Studio
6,Read a book,,https://campaigns.healthyw8.gamebus.eu/api/media/HW8-immutable/5ff935d3-d0ae-4dce-bfcd-d2f71bf2ca63.jpeg,,,1.0,7,WALK,WALK,0," [SECRET, EQUAL, fdjklagas37]",10,GameBus Studio
6,Call a friend/family member,,https://campaigns.healthyw8.gamebus.eu/api/media/HW8-immutable/5ff935d3-d0ae-4dce-bfcd-d2f71bf2ca63.jpeg,,,1.0,7,WALK,WALK,0," [SECRET, EQUAL, fdjklagas37]",10,GameBus Studio
6,Put_on_your_walking_shoes_and_take_a_picture_of_them,,https://campaigns.healthyw8.gamebus.eu/api/media/HW8-immutable/5ff935d3-d0ae-4dce-bfcd-d2f71bf2ca63.jpeg,,,1.0,7,GENERAL_ACTIVITY,GENERAL_ACTIVITY,0," [SECRET, EQUAL, 0sd6c1h063m0lk78u1tzfgbr64obtzmws400pv5bpmv2]",1,GameBus Studio
6,Call_a_friend,,https://campaigns.healthyw8.gamebus.eu/api/media/HW8-immutable/5ff935d3-d0ae-4dce-bfcd-d2f71bf2ca63.jpeg,,,1.0,7,GENERAL_ACTIVITY,GENERAL_ACTIVITY,0," [SECRET, EQUAL, adawymro8xpfib9zroq7uowyt5k15f9bygpk]",1,GameBus Studio
6,Take_between_1500_and_2500_steps,,https://campaigns.healthyw8.gamebus.eu/api/media/HW8-immutable/5ff935d3-d0ae-4dce-bfcd-d2f71bf2ca63.jpeg,,,1.0,7,WALK,WALK,0,"[STEPS, STRICTLY_GREATER, 1500], [SECRET, EQUAL, yfpdv2kzeonv83jd5vaq5wnvvjfdozjz2ak56anxt5yflft0k]",1,GameBus Studio
7,Take_a_25-minute_walk_without_stopping,,https://campaigns.healthyw8.gamebus.eu/api/media/HW8-immutable/5ff935d3-d0ae-4dce-bfcd-d2f71bf2ca63.jpeg,,,1.0,7,GENERAL_ACTIVITY,GENERAL_ACTIVITY,0," [SECRET, EQUAL, eq4cwvpyk3edilk46xwidioynfhiwho7i3na22q5mgxx19hxut]",6,GameBus Studio
7,Engage_with_others,,https://campaigns.healthyw8.gamebus.eu/api/media/HW8-immutable/5ff935d3-d0ae-4dce-bfcd-d2f71bf2ca63.jpeg,,,1.0,7,GENERAL_ACTIVITY,GENERAL_ACTIVITY,0," [SECRET, EQUAL, 5qu0eizvqaikuv0cf5p1r0jd9lay4qt]",1,GameBus Studio
7,Talk_to_an_old_colleague,,https://campaigns.healthyw8.gamebus.eu/api/media/HW8-immutable/5ff935d3-d0ae-4dce-bfcd-d2f71bf2ca63.jpeg,,,1.0,7,GENERAL_ACTIVITY,GENERAL_ACTIVITY,0," [SECRET, EQUAL, eb0oskaqhv1c5knr939z3hgo21phna]",1,GameBus Studio
7,Call_a_friend,,https://campaigns.healthyw8.gamebus.eu/api/media/HW8-immutable/5ff935d3-d0ae-4dce-bfcd-d2f71bf2ca63.jpeg,,,1.0,7,GENERAL_ACTIVITY,GENERAL_ACTIVITY,0," [SECRET, EQUAL, zgkh776i46582t4c8gz1ljsrzsabv]",1,GameBus Studio
7,Practice_a_memory_game,,https://campaigns.healthyw8.gamebus.eu/api/media/HW8-immutable/5ff935d3-d0ae-4dce-bfcd-d2f71bf2ca63.jpeg,,,1.0,7,GENERAL_ACTIVITY,GENERAL_ACTIVITY,0," [SECRET, EQUAL, itv71gljzu3ihbftz6l05whdni76s11qm]",4,GameBus Studio
8,Talk_to_an_old_friend,,https://campaigns.healthyw8.gamebus.eu/api/media/HW8-immutable/5ff935d3-d0ae-4dce-bfcd-d2f71bf2ca63.jpeg,,,1.0,7,GENERAL_ACTIVITY,GENERAL_ACTIVITY,0," [SECRET, EQUAL, udnkizmt7682ga6zypahqwbad2egrkv1kv]",10,GameBus Studio
8,Practice_a_brain_game,,https://campaigns.healthyw8.gamebus.eu/api/media/HW8-immutable/5ff935d3-d0ae-4dce-bfcd-d2f71bf2ca63.jpeg,,,1.0,7,GENERAL_ACTIVITY,GENERAL_ACTIVITY,0," [SECRET, EQUAL, bzbnch9nh6o6byk70p26bo5acc7eeggtvjaabs8]",1,GameBus Studio
8,Practice_academic_writing,,https://campaigns.healthyw8.gamebus.eu/api/media/HW8-immutable/5ff935d3-d0ae-4dce-bfcd-d2f71bf2ca63.jpeg,,,1.0,7,GENERAL_ACTIVITY,GENERAL_ACTIVITY,0," [SECRET, EQUAL, 3xt8mfl4r85pq]",20,GameBus Studio
8,Take_200_steps,,https://campaigns.healthyw8.gamebus.eu/api/media/HW8-immutable/5ff935d3-d0ae-4dce-bfcd-d2f71bf2ca63.jpeg,,,1.0,7,WALK,WALK,0,"[STEPS, STRICTLY_GREATER, 200], [SECRET, EQUAL, wh4fqq3lblrnwr9p272ewd1ha7]",1,GameBus Studio
8,Take_200_steps,,https://campaigns.healthyw8.gamebus.eu/api/media/HW8-immutable/5ff935d3-d0ae-4dce-bfcd-d2f71bf2ca63.jpeg,,,1.0,7,WALK,WALK,0,"[STEPS, STRICTLY_GREATER, 200], [SECRET, EQUAL, vi4i6tebr0p2237urtvh3blin9ntwv89nz]",1,GameBus Studio
8,Take_8000_steps,,https://campaigns.healthyw8.gamebus.eu/api/media/HW8-immutable/5ff935d3-d0ae-4dce-bfcd-d2f71bf2ca63.jpeg,,,1.0,7,WALK,WALK,0,"[STEPS, STRICTLY_GREATER, 400], [SECRET, EQUAL, 7ky1mxl49p26]",20,GameBus Studio
9,Talk_to_an_old_colleague,,https://campaigns.healthyw8.gamebus.eu/api/media/HW8-immutable/5ff935d3-d0ae-4dce-bfcd-d2f71bf2ca63.jpeg,,,1.0,7,GENERAL_ACTIVITY,GENERAL_ACTIVITY,0," [SECRET, EQUAL, wmdn045lo9xxw1tt1eiamagxyjsrbr50d69utk53xiiwretuc]",1,GameBus Studio
9,Go_on_a_peaceful_walk,,https://campaigns.healthyw8.gamebus.eu/api/media/HW8-immutable/5ff935d3-d0ae-4dce-bfcd-d2f71bf2ca63.jpeg,,,1.0,7,GENERAL_ACTIVITY,GENERAL_ACTIVITY,0," [SECRET, EQUAL, myvyhi24d76hr43zcp]",2,GameBus Studio
9,Attend_or_watch_a_lecture,,https://campaigns.healthyw8.gamebus.eu/api/media/HW8-immutable/5ff935d3-d0ae-4dce-bfcd-d2f71bf2ca63.jpeg,,,1.0,7,GENERAL_ACTIVITY,GENERAL_ACTIVITY,0," [SECRET, EQUAL, s0s7ripavuer1xpt06bwc6xlj218igzudc4mm0mb0b31y70]",5,GameBus Studio
9,Enjoy_an_activity_with_a_family_member,,https://campaigns.healthyw8.gamebus.eu/api/media/HW8-immutable/5ff935d3-d0ae-4dce-bfcd-d2f71bf2ca63.jpeg,,,1.0,7,GENERAL_ACTIVITY,GENERAL_ACTIVITY,0," [SECRET, EQUAL, vsbeof3vbvyi8b5eibdq69k0khm6tsw9ld8lqeedysiez]",1,GameBus Studio
9,Take_a_25-minute_walk_without_stopping,,https://campaigns.healthyw8.gamebus.eu/api/media/HW8-immutable/5ff935d3-d0ae-4dce-bfcd-d2f71bf2ca63.jpeg,,,1.0,7,GENERAL_ACTIVITY,GENERAL_ACTIVITY,0," [SECRET, EQUAL, 5rcm3m55cw7oea9e185ja42re7qvohm3th6xhihv]",6,GameBus Studio
9,Enjoy_an_activity_with_a_family_member,,https://campaigns.healthyw8.gamebus.eu/api/media/HW8-immutable/5ff935d3-d0ae-4dce-bfcd-d2f71bf2ca63.jpeg,,,1.0,7,GENERAL_ACTIVITY,GENERAL_ACTIVITY,0," [SECRET, EQUAL, 7dcv1pkv2dq03r62wgee7zh7zq54w5augkaq6msp56yqm6ai]",1,GameBus Studio
9,Go_on_a_group_activity,,https://campaigns.healthyw8.gamebus.eu/api/media/HW8-immutable/5ff935d3-d0ae-4dce-bfcd-d2f71bf2ca63.jpeg,,,1.0,7,GENERAL_ACTIVITY,GENERAL_ACTIVITY,0," [SECRET, EQUAL, yhoea2icixqu]",5,GameBus Studio
10,Cook_dinner_for_someone,,https://campaigns.healthyw8.gamebus.eu/api/media/HW8-immutable/5ff935d3-d0ae-4dce-bfcd-d2f71bf2ca63.jpeg,,,1.0,7,GENERAL_ACTIVITY,GENERAL_ACTIVITY,0," [SECRET, EQUAL, jz3rcvf8cc8h5x1979852rq2lu48h107js3iwzz3e]",1,GameBus Studio
10,Cook_dinner_for_someone,,https://campaigns.healthyw8.gamebus.eu/api/media/HW8-immutable/5ff935d3-d0ae-4dce-bfcd-d2f71bf2ca63.jpeg,,,1.0,7,GENERAL_ACTIVITY,GENERAL_ACTIVITY,0," [SECRET, EQUAL, dc3ntwr0cqajtgmu7x8g1f77e7z1so16xnn]",1,GameBus Studio
10,Practice_learning_a_new_skill,,https://campaigns.healthyw8.gamebus.eu/api/media/HW8-immutable/5ff935d3-d0ae-4dce-bfcd-d2f71bf2ca63.jpeg,,,1.0,7,GENERAL_ACTIVITY,GENERAL_ACTIVITY,0," [SECRET, EQUAL, 6b2859adp08nmi8bnid6trubzei1174fdhh7l5tuu6]",2,GameBus Studio
10,Take_300_steps,,https://campaigns.healthyw8.gamebus.eu/api/media/HW8-immutable/5ff935d3-d0ae-4dce-bfcd-d2f71bf2ca63.jpeg,,,1.0,7,WALK,WALK,0,"[STEPS, STRICTLY_GREATER, 300], [SECRET, EQUAL, fbhloc8rk20tws0obkgh0zq0]",1,GameBus Studio
10,Go_on_a_peaceful_walk,,https://campaigns.healthyw8.gamebus.eu/api/media/HW8-immutable/5ff935d3-d0ae-4dce-bfcd-d2f71bf2ca63.jpeg,,,1.0,7,GENERAL_ACTIVITY,GENERAL_ACTIVITY,0," [SECRET, EQUAL, dl35xftafoiz9t9qs5kih5pro7gke]",2,GameBus Studio
10,Plan_an_event_with_others,,https://campaigns.healthyw8.gamebus.eu/api/media/HW8-immutable/5ff935d3-d0ae-4dce-bfcd-d2f71bf2ca63.jpeg,,,1.0,7,GENERAL_ACTIVITY,GENERAL_ACTIVITY,0," [SECRET, EQUAL, k9pa4gaa4svu1zyb8]",7,GameBus Studio
10,Take_200_steps,,https://campaigns.healthyw8.gamebus.eu/api/media/HW8-immutable/5ff935d3-d0ae-4dce-bfcd-d2f71bf2ca63.jpeg,,,1.0,7,WALK,WALK,0,"[STEPS, STRICTLY_GREATER, 200], [SECRET, EQUAL, yrmm9glh48m8smrt]",1,GameBus Studio
10,Take_a_25-minute_walk_without_stopping,,https://campaigns.healthyw8.gamebus.eu/api/media/HW8-immutable/5ff935d3-d0ae-4dce-bfcd-d2f71bf2ca63.jpeg,,,1.0,7,GENERAL_ACTIVITY,GENERAL_ACTIVITY,0," [SECRET, EQUAL, j8tc1b3y7trspj8kcigre3mvjjgd3j6kvz8dd7564ko]",6,GameBus Studio
11,Take_100_steps,,https://campaigns.healthyw8.gamebus.eu/api/media/HW8-immutable/5ff935d3-d0ae-4dce-bfcd-d2f71bf2ca63.jpeg,,,1.0,7,WALK,WALK,0,"[STEPS, STRICTLY_GREATER, 100], [SECRET, EQUAL, vkdu5x3w8jww9azlal5bnrt1bbbkwnynoes70w2vli94eg2oy]",1,GameBus Studio
11,Practice_meditation,,https://campaigns.healthyw8.gamebus.eu/api/media/HW8-immutable/5ff935d3-d0ae-4dce-bfcd-d2f71bf2ca63.jpeg,,,1.0,7,GENERAL_ACTIVITY,GENERAL_ACTIVITY,0," [SECRET, EQUAL, pyhfjlo8psskl3ua]",1,GameBus Studio
11,Practice_a_brain_game,,https://campaigns.healthyw8.gamebus.eu/api/media/HW8-immutable/5ff935d3-d0ae-4dce-bfcd-d2f71bf2ca63.jpeg,,,1.0,7,GENERAL_ACTIVITY,GENERAL_ACTIVITY,0," [SECRET, EQUAL, mhv9gqt6yhu42bn09i22oas5we92nhzjzyfyw]",1,GameBus Studio
11,Take_300_steps,,https://campaigns.healthyw8.gamebus.eu/api/media/HW8-immutable/5ff935d3-d0ae-4dce-bfcd-d2f71bf2ca63.jpeg,,,1.0,7,WALK,WALK,0,"[STEPS, STRICTLY_GREATER, 300], [SECRET, EQUAL, xsbhu6pbblz69b5hn8m9lfynsngk0a6]",1,GameBus Studio
11,Take_between_1500_and_2500_steps,,https://campaigns.healthyw8.gamebus.eu/api/media/HW8-immutable/5ff935d3-d0ae-4dce-bfcd-d2f71bf2ca63.jpeg,,,1.0,7,WALK,WALK,0,"[STEPS, STRICTLY_GREATER, 1500], [SECRET, EQUAL, xxb6fwxl8bzb9w0gzzro]",1,GameBus Studio
11,Take_200_steps,,https://campaigns.healthyw8.gamebus.eu/api/media/HW8-immutable/5ff935d3-d0ae-4dce-bfcd-d2f71bf2ca63.jpeg,,,1.0,7,WALK,WALK,0,"[STEPS, STRICTLY_GREATER, 200], [SECRET, EQUAL, gb3ifw822kf8mu9r9x9eo3p]",1,GameBus Studio
11,Take_between_1500_and_2500_steps,,https://campaigns.healthyw8.gamebus.eu/api/media/HW8-immutable/5ff935d3-d0ae-4dce-bfcd-d2f71bf2ca63.jpeg,,,1.0,7,WALK,WALK,0,"[STEPS, STRICTLY_GREATER, 1500], [SECRET, EQUAL, yfmozjb6pa8]",1,GameBus Studio
11,Take_a_15-minute_walk_without_stopping,,https://campaigns.healthyw8.gamebus.eu/api/media/HW8-immutable/5ff935d3-d0ae-4dce-bfcd-d2f71bf2ca63.jpeg,,,1.0,7,GENERAL_ACTIVITY,GENERAL_ACTIVITY,0," [SECRET, EQUAL, lb3zq3qzchay41rsgo9ugk6xilrva3]",1,GameBus Studio
11,Plan_an_event_with_others,,https://campaigns.healthyw8.gamebus.eu/api/media/HW8-immutable/5ff935d3-d0ae-4dce-bfcd-d2f71bf2ca63.jpeg,,,1.0,7,GENERAL_ACTIVITY,GENERAL_ACTIVITY,0," [SECRET, EQUAL, 67xq654f3b28w0on0za1ghbc4upsgj87msy]",7,GameBus Studio
12,Go_on_a_peaceful_walk,,https://campaigns.healthyw8.gamebus.eu/api/media/HW8-immutable/5ff935d3-d0ae-4dce-bfcd-d2f71bf2ca63.jpeg,,,1.0,7,GENERAL_ACTIVITY,GENERAL_ACTIVITY,0," [SECRET, EQUAL, asb58auh2zks2v6cdpmrzvngisp2eo44yn0pq832k]",2,GameBus Studio
12,Take_a_25-minute_walk_without_stopping,,https://campaigns.healthyw8.gamebus.eu/api/media/HW8-immutable/5ff935d3-d0ae-4dce-bfcd-d2f71bf2ca63.jpeg,,,1.0,7,GENERAL_ACTIVITY,GENERAL_ACTIVITY,0," [SECRET, EQUAL, naqp8w9ap7r81drbj]",6,GameBus Studio
12,Cook_dinner_for_someone,,https://campaigns.healthyw8.gamebus.eu/api/media/HW8-immutable/5ff935d3-d0ae-4dce-bfcd-d2f71bf2ca63.jpeg,,,1.0,7,GENERAL_ACTIVITY,GENERAL_ACTIVITY,0," [SECRET, EQUAL, wzyzuatpie5ytuatlkxqc7ivkqn]",1,GameBus Studio
12,Talk_to_a_family_member,,https://campaigns.healthyw8.gamebus.eu/api/media/HW8-immutable/5ff935d3-d0ae-4dce-bfcd-d2f71bf2ca63.jpeg,,,1.0,7,GENERAL_ACTIVITY,GENERAL_ACTIVITY,0," [SECRET, EQUAL, 0krdqi04kr73fszobzstm8r1iik9wqwtwduytjstst]",1,GameBus Studio
12,Talk_to_an_old_colleague,,https://campaigns.healthyw8.gamebus.eu/api/media/HW8-immutable/5ff935d3-d0ae-4dce-bfcd-d2f71bf2ca63.jpeg,,,1.0,7,GENERAL_ACTIVITY,GENERAL_ACTIVITY,0," [SECRET, EQUAL, pui0trcbj7vmka18h3zo0vzt0kze663c]",1,GameBus Studio
12,Go_to_a_social_event,,https://campaigns.healthyw8.gamebus.eu/api/media/HW8-immutable/5ff935d3-d0ae-4dce-bfcd-d2f71bf2ca63.jpeg,,,1.0,7,GENERAL_ACTIVITY,GENERAL_ACTIVITY,0," [SECRET, EQUAL, jid2juyee74uuxxgf]",1,GameBus Studio
12,Talk_to_a_family_member,,https://campaigns.healthyw8.gamebus.eu/api/media/HW8-immutable/5ff935d3-d0ae-4dce-bfcd-d2f71bf2ca63.jpeg,,,1.0,7,GENERAL_ACTIVITY,GENERAL_ACTIVITY,0," [SECRET, EQUAL, 7c7dp04nosxkm27axaiw6mbxj9pb9eefwo5]",1,GameBus Studio
12,Take_100_steps,,https://campaigns.healthyw8.gamebus.eu/api/media/HW8-immutable/5ff935d3-d0ae-4dce-bfcd-d2f71bf2ca63.jpeg,,,1.0,7,WALK,WALK,0,"[STEPS, STRICTLY_GREATER, 100], [SECRET, EQUAL, vjuxl3mudchnnijjr21]",1,GameBus Studio
12,Go_to_a_social_event,,https://campaigns.healthyw8.gamebus.eu/api/media/HW8-immutable/5ff935d3-d0ae-4dce-bfcd-d2f71bf2ca63.jpeg,,,1.0,7,GENERAL_ACTIVITY,GENERAL_ACTIVITY,0," [SECRET, EQUAL, jcdqeelmq5a6s]",1,GameBus Studio
13,Plan_an_event_with_others,,https://campaigns.healthyw8.gamebus.eu/api/media/HW8-immutable/5ff935d3-d0ae-4dce-bfcd-d2f71bf2ca63.jpeg,,,1.0,7,GENERAL_ACTIVITY,GENERAL_ACTIVITY,0," [SECRET, EQUAL, 9lf2jk5sni7ihbi9slpf]",7,GameBus Studio
13,Practice_learning_a_new_skill,,https://campaigns.healthyw8.gamebus.eu/api/media/HW8-immutable/5ff935d3-d0ae-4dce-bfcd-d2f71bf2ca63.jpeg,,,1.0,7,GENERAL_ACTIVITY,GENERAL_ACTIVITY,0," [SECRET, EQUAL, n5j34fdz64gadatvurc63tgkk0]",2,GameBus Studio
13,Take_a_15-minute_walk_without_stopping,,https://campaigns.healthyw8.gamebus.eu/api/media/HW8-immutable/5ff935d3-d0ae-4dce-bfcd-d2f71bf2ca63.jpeg,,,1.0,7,GENERAL_ACTIVITY,GENERAL_ACTIVITY,0," [SECRET, EQUAL, mzhpddfy43uou07wkq30eoi0dygmgfn1s]",1,GameBus Studio
13,Take_between_1500_and_2500_steps,,https://campaigns.healthyw8.gamebus.eu/api/media/HW8-immutable/5ff935d3-d0ae-4dce-bfcd-d2f71bf2ca63.jpeg,,,1.0,7,WALK,WALK,0,"[STEPS, STRICTLY_GREATER, 1500], [SECRET, EQUAL, mp1ejl5fcov]",1,GameBus Studio
13,Take_a_25-minute_walk_without_stopping,,https://campaigns.healthyw8.gamebus.eu/api/media/HW8-immutable/5ff935d3-d0ae-4dce-bfcd-d2f71bf2ca63.jpeg,,,1.0,7,GENERAL_ACTIVITY,GENERAL_ACTIVITY,0," [SECRET, EQUAL, xy0f9tcljcjrsxr87sj9wawl7]",6,GameBus Studio
14,Talk_to_an_old_friend,,https://campaigns.healthyw8.gamebus.eu/api/media/HW8-immutable/5ff935d3-d0ae-4dce-bfcd-d2f71bf2ca63.jpeg,,,1.0,7,GENERAL_ACTIVITY,GENERAL_ACTIVITY,0," [SECRET, EQUAL, 3aiglu51h5kucf68]",10,GameBus Studio
14,Take_100_steps,,https://campaigns.healthyw8.gamebus.eu/api/media/HW8-immutable/5ff935d3-d0ae-4dce-bfcd-d2f71bf2ca63.jpeg,,,1.0,7,WALK,WALK,0,"[STEPS, STRICTLY_GREATER, 100], [SECRET, EQUAL, qq4pq00cq3v42knrvfrn3m]",1,GameBus Studio
14,Take_between_1500_and_2500_steps,,https://campaigns.healthyw8.gamebus.eu/api/media/HW8-immutable/5ff935d3-d0ae-4dce-bfcd-d2f71bf2ca63.jpeg,,,1.0,7,WALK,WALK,0,"[STEPS, STRICTLY_GREATER, 1500], [SECRET, EQUAL, 6jll0ehzj1vxceref261v7ncxcje2lfw81gloataiu4j]",1,GameBus Studio
14,Go_on_a_peaceful_walk,,https://campaigns.healthyw8.gamebus.eu/api/media/HW8-immutable/5ff935d3-d0ae-4dce-bfcd-d2f71bf2ca63.jpeg,,,1.0,7,GENERAL_ACTIVITY,GENERAL_ACTIVITY,0," [SECRET, EQUAL, 6cqk6rh3zr1xx8ayd73nj3ykrjceari0sathdvrd6u9yw3]",2,GameBus Studio
14,Take_a_15-minute_walk_without_stopping,,https://campaigns.healthyw8.gamebus.eu/api/media/HW8-immutable/5ff935d3-d0ae-4dce-bfcd-d2f71bf2ca63.jpeg,,,1.0,7,GENERAL_ACTIVITY,GENERAL_ACTIVITY,0," [SECRET, EQUAL, vngvkyjzygc]",1,GameBus Studio
14,Take_between_1500_and_2500_steps,,https://campaigns.healthyw8.gamebus.eu/api/media/HW8-immutable/5ff935d3-d0ae-4dce-bfcd-d2f71bf2ca63.jpeg,,,1.0,7,WALK,WALK,0,"[STEPS, STRICTLY_GREATER, 1500], [SECRET, EQUAL, 5tm9y5xh7ojcj]",1,GameBus Studio
14,Take_8000_steps,,https://campaigns.healthyw8.gamebus.eu/api/media/HW8-immutable/5ff935d3-d0ae-4dce-bfcd-d2f71bf2ca63.jpeg,,,1.0,7,WALK,WALK,0,"[STEPS, STRICTLY_GREATER, 400], [SECRET, EQUAL, qi5gduvbco6tl7t3gioe560x4s9b5]",20,GameBus Studio
15,Take_between_1500_and_2500_steps,,https://campaigns.healthyw8.gamebus.eu/api/media/HW8-immutable/5ff935d3-d0ae-4dce-bfcd-d2f71bf2ca63.jpeg,,,1.0,7,WALK,WALK,0,"[STEPS, STRICTLY_GREATER, 1500], [SECRET, EQUAL, yu5141qza14l]",1,GameBus Studio
15,Go_on_a_30_min_walk,,https://campaigns.healthyw8.gamebus.eu/api/media/HW8-immutable/5ff935d3-d0ae-4dce-bfcd-d2f71bf2ca63.jpeg,,,1.0,7,GENERAL_ACTIVITY,GENERAL_ACTIVITY,0," [SECRET, EQUAL, jdwy8zo98b0fs6rd0j71rd9ue5kiaip09b2h0dk0u80]",1,GameBus Studio
15,Take_a_15-minute_walk_without_stopping,,https://campaigns.healthyw8.gamebus.eu/api/media/HW8-immutable/5ff935d3-d0ae-4dce-bfcd-d2f71bf2ca63.jpeg,,,1.0,7,GENERAL_ACTIVITY,GENERAL_ACTIVITY,0," [SECRET, EQUAL, 7woo7k0t1j7axilglz0unuymqjicosnfhgx5dutasxhp72s74c]",1,GameBus Studio
15,Practice_creative_writing,,https://campaigns.healthyw8.gamebus.eu/api/media/HW8-immutable/5ff935d3-d0ae-4dce-bfcd-d2f71bf2ca63.jpeg,,,1.0,7,GENERAL_ACTIVITY,GENERAL_ACTIVITY,0," [SECRET, EQUAL, 1j40b0ot2z4di2t60vggjez3a6mxkfxsqwa4g4]",10,GameBus Studio
15,Share_an_article,,https://campaigns.healthyw8.gamebus.eu/api/media/HW8-immutable/5ff935d3-d0ae-4dce-bfcd-d2f71bf2ca63.jpeg,,,1.0,7,GENERAL_ACTIVITY,GENERAL_ACTIVITY,0," [SECRET, EQUAL, ze9ex9mvkyh9zaw]",1,GameBus Studio
15,Go_to_a_social_event,,https://campaigns.healthyw8.gamebus.eu/api/media/HW8-immutable/5ff935d3-d0ae-4dce-bfcd-d2f71bf2ca63.jpeg,,,1.0,7,GENERAL_ACTIVITY,GENERAL_ACTIVITY,0," [SECRET, EQUAL, alox0ky9bky6c9ob6]",1,GameBus Studio
15,Cook_dinner_for_someone,,https://campaigns.healthyw8.gamebus.eu/api/media/HW8-immutable/5ff935d3-d0ae-4dce-bfcd-d2f71bf2ca63.jpeg,,,1.0,7,GENERAL_ACTIVITY,GENERAL_ACTIVITY,0," [SECRET, EQUAL, d2o4xdyl7by07dul7gcseck42pxpnmdunojyo63gyem8uqjm]",1,GameBus Studio
15,Plan_an_event_with_others,,https://campaigns.healthyw8.gamebus.eu/api/media/HW8-immutable/5ff935d3-d0ae-4dce-bfcd-d2f71bf2ca63.jpeg,,,1.0,7,GENERAL_ACTIVITY,GENERAL_ACTIVITY,0," [SECRET, EQUAL, ob5q1y3i8p2aka8ji1ttzx08m]",7,GameBus Studio
15,Take_200_steps,,https://campaigns.healthyw8.gamebus.eu/api/media/HW8-immutable/5ff935d3-d0ae-4dce-bfcd-d2f71bf2ca63.jpeg,,,1.0,7,WALK,WALK,0,"[STEPS, STRICTLY_GREATER, 200], [SECRET, EQUAL, nnf9xgtps6c2j7eo4399luzc0qlil]",1,GameBus Studio
15,Take_a_25-minute_walk_without_stopping,,https://campaigns.healthyw8.gamebus.eu/api/media/HW8-immutable/5ff935d3-d0ae-4dce-bfcd-d2f71bf2ca63.jpeg,,,1.0,7,GENERAL_ACTIVITY,GENERAL_ACTIVITY,0," [SECRET, EQUAL, t7vdpliaz4uvg3joi6v8x04rkpko4j18oeu7u]",6,GameBus Studio
16,Cook_dinner_for_someone,,https://campaigns.healthyw8.gamebus.eu/api/media/HW8-immutable/5ff935d3-d0ae-4dce-bfcd-d2f71bf2ca63.jpeg,,,1.0,7,GENERAL_ACTIVITY,GENERAL_ACTIVITY,0," [SECRET, EQUAL, wy8zci71wb113w]",1,GameBus Studio
16,Practice_meditation,,https://campaigns.healthyw8.gamebus.eu/api/media/HW8-immutable/5ff935d3-d0ae-4dce-bfcd-d2f71bf2ca63.jpeg,,,1.0,7,GENERAL_ACTIVITY,GENERAL_ACTIVITY,0," [SECRET, EQUAL, rbt2k1dulzg9tpjwk1h]",1,GameBus Studio
16,Engage_with_others,,https://campaigns.healthyw8.gamebus.eu/api/media/HW8-immutable/5ff935d3-d0ae-4dce-bfcd-d2f71bf2ca63.jpeg,,,1.0,7,GENERAL_ACTIVITY,GENERAL_ACTIVITY,0," [SECRET, EQUAL, eo2ftktg66badeovdtx3qwohp]",1,GameBus Studio
16,Join_a_community_event,,https://campaigns.healthyw8.gamebus.eu/api/media/HW8-immutable/5ff935d3-d0ae-4dce-bfcd-d2f71bf2ca63.jpeg,,,1.0,7,GENERAL_ACTIVITY,GENERAL_ACTIVITY,0," [SECRET, EQUAL, x7cdy4pg946t68vi93vobm2jcq5hy1m3ork6z12dzu]",10,GameBus Studio
16,Take_200_steps,,https://campaigns.healthyw8.gamebus.eu/api/media/HW8-immutable/5ff935d3-d0ae-4dce-bfcd-d2f71bf2ca63.jpeg,,,1.0,7,WALK,WALK,0,"[STEPS, STRICTLY_GREATER, 200], [SECRET, EQUAL, 0ho0aafwaomoa226t1wju7wrxzt8a68zr3ug3q5t8ypq]",1,GameBus Studio
16,Go_on_a_30_min_walk,,https://campaigns.healthyw8.gamebus.eu/api/media/HW8-immutable/5ff935d3-d0ae-4dce-bfcd-d2f71bf2ca63.jpeg,,,1.0,7,GENERAL_ACTIVITY,GENERAL_ACTIVITY,0," [SECRET, EQUAL, e3sgiajxs91sxrcy3fyonxebtulm6l0j0p]",1,GameBus Studio
16,Take_100_steps,,https://campaigns.healthyw8.gamebus.eu/api/media/HW8-immutable/5ff935d3-d0ae-4dce-bfcd-d2f71bf2ca63.jpeg,,,1.0,7,WALK,WALK,0,"[STEPS, STRICTLY_GREATER, 100], [SECRET, EQUAL, 913bpa9lxzk72240gzss5xbom]",1,GameBus Studio
16,Put_on_your_walking_shoes_and_take_a_picture_of_them,,https://campaigns.healthyw8.gamebus.eu/api/media/HW8-immutable/5ff935d3-d0ae-4dce-bfcd-d2f71bf2ca63.jpeg,,,1.0,7,GENERAL_ACTIVITY,GENERAL_ACTIVITY,0," [SECRET, EQUAL, 7g8hu7mp3jhgd6grmgmcklo6rgjuv]",1,GameBus Studio
16,Put_on_your_walking_shoes_and_take_a_picture_of_them,,https://campaigns.healthyw8.gamebus.eu/api/media/HW8-immutable/5ff935d3-d0ae-4dce-bfcd-d2f71bf2ca63.jpeg,,,1.0,7,GENERAL_ACTIVITY,GENERAL_ACTIVITY,0," [SECRET, EQUAL, xw5bc9gn1mlotvjktjxz5x28dlsyhw6utc6s0k8rdlox7qg38u]",1,GameBus Studio
16,Take_between_1500_and_2500_steps,,https://campaigns.healthyw8.gamebus.eu/api/media/HW8-immutable/5ff935d3-d0ae-4dce-bfcd-d2f71bf2ca63.jpeg,,,1.0,7,WALK,WALK,0,"[STEPS, STRICTLY_GREATER, 1500], [SECRET, EQUAL, 9cpotia3uwdms7sne9w9hpxvo7cjs0lucol6sgdu26fvfv8q]",1,GameBus Studio
16,Take_300_steps,,https://campaigns.healthyw8.gamebus.eu/api/media/HW8-immutable/5ff935d3-d0ae-4dce-bfcd-d2f71bf2ca63.jpeg,,,1.0,7,WALK,WALK,0,"[STEPS, STRICTLY_GREATER, 300], [SECRET, EQUAL, 2xsmehxjqzpr9ewl3kvk]",1,GameBus Studio
16,Put_on_your_walking_shoes_and_take_a_picture_of_them,,https://campaigns.healthyw8.gamebus.eu/api/media/HW8-immutable/5ff935d3-d0ae-4dce-bfcd-d2f71bf2ca63.jpeg,,,1.0,7,GENERAL_ACTIVITY,GENERAL_ACTIVITY,0," [SECRET, EQUAL, oj6i1gkdyxp1cuy9l7406fp]",1,GameBus Studio
16,Take_300_steps,,https://campaigns.healthyw8.gamebus.eu/api/media/HW8-immutable/5ff935d3-d0ae-4dce-bfcd-d2f71bf2ca63.jpeg,,,1.0,7,WALK,WALK,0,"[STEPS, STRICTLY_GREATER, 300], [SECRET, EQUAL, ckjqwjd2iaz69]",1,GameBus Studio
16,Take_300_steps,,https://campaigns.healthyw8.gamebus.eu/api/media/HW8-immutable/5ff935d3-d0ae-4dce-bfcd-d2f71bf2ca63.jpeg,,,1.0,7,WALK,WALK,0,"[STEPS, STRICTLY_GREATER, 300], [SECRET, EQUAL, qayviaaac20h8zi4qong5zgbz4p0qpxcs5dnlx92409fmt]",1,GameBus Studio
17,Go_on_a_30_min_walk,,https://campaigns.healthyw8.gamebus.eu/api/media/HW8-immutable/5ff935d3-d0ae-4dce-bfcd-d2f71bf2ca63.jpeg,,,1.0,7,GENERAL_ACTIVITY,GENERAL_ACTIVITY,0," [SECRET, EQUAL, mnxflgd6ib0h06qu37pqoq6lolfve337yzem0]",1,GameBus Studio
17,Take_between_1500_and_2500_steps,,https://campaigns.healthyw8.gamebus.eu/api/media/HW8-immutable/5ff935d3-d0ae-4dce-bfcd-d2f71bf2ca63.jpeg,,,1.0,7,WALK,WALK,0,"[STEPS, STRICTLY_GREATER, 1500], [SECRET, EQUAL, w4fhwhdanqc22d0tr72gw8z77dy7pldjawoe]",1,GameBus Studio
17,Put_on_your_walking_shoes_and_take_a_picture_of_them,,https://campaigns.healthyw8.gamebus.eu/api/media/HW8-immutable/5ff935d3-d0ae-4dce-bfcd-d2f71bf2ca63.jpeg,,,1.0,7,GENERAL_ACTIVITY,GENERAL_ACTIVITY,0," [SECRET, EQUAL, amfje0xgga1hkgx]",1,GameBus Studio
17,Watch_a_documentary,,https://campaigns.healthyw8.gamebus.eu/api/media/HW8-immutable/5ff935d3-d0ae-4dce-bfcd-d2f71bf2ca63.jpeg,,,1.0,7,GENERAL_ACTIVITY,GENERAL_ACTIVITY,0," [SECRET, EQUAL, jpnh2tpp3t]",3,GameBus Studio
17,Go_on_a_group_activity,,https://campaigns.healthyw8.gamebus.eu/api/media/HW8-immutable/5ff935d3-d0ae-4dce-bfcd-d2f71bf2ca63.jpeg,,,1.0,7,GENERAL_ACTIVITY,GENERAL_ACTIVITY,0," [SECRET, EQUAL, j8t6ek7en9d2ds1bemoijg89f2zsdmo]",5,GameBus Studio
17,Take_200_steps,,https://campaigns.healthyw8.gamebus.eu/api/media/HW8-immutable/5ff935d3-d0ae-4dce-bfcd-d2f71bf2ca63.jpeg,,,1.0,7,WALK,WALK,0,"[STEPS, STRICTLY_GREATER, 200], [SECRET, EQUAL, su2741zr6vl0614mma62gl0o51ehn9vgtp4vxjkqq]",1,GameBus Studio
17,Take_a_25-minute_walk_without_stopping,,https://campaigns.healthyw8.gamebus.eu/api/media/HW8-immutable/5ff935d3-d0ae-4dce-bfcd-d2f71bf2ca63.jpeg,,,1.0,7,GENERAL_ACTIVITY,GENERAL_ACTIVITY,0," [SECRET, EQUAL, bxjrgtvehbfm6myrm6i75h2r3bdwc4i6]",6,GameBus Studio
17,Cook_dinner_for_someone,,https://campaigns.healthyw8.gamebus.eu/api/media/HW8-immutable/5ff935d3-d0ae-4dce-bfcd-d2f71bf2ca63.jpeg,,,1.0,7,GENERAL_ACTIVITY,GENERAL_ACTIVITY,0," [SECRET, EQUAL, mfr0nm851p4ajhbz22jyz4iyt5wxsbgifuqpw]",1,GameBus Studio
17,Cook_dinner_for_someone,,https://campaigns.healthyw8.gamebus.eu/api/media/HW8-immutable/5ff935d3-d0ae-4dce-bfcd-d2f71bf2ca63.jpeg,,,1.0,7,GENERAL_ACTIVITY,GENERAL_ACTIVITY,0," [SECRET, EQUAL, aayerxauln043wr14e6ld3t]",1,GameBus Studio
17,Join_a_community_event,,https://campaigns.healthyw8.gamebus.eu/api/media/HW8-immutable/5ff935d3-d0ae-4dce-bfcd-d2f71bf2ca63.jpeg,,,1.0,7,GENERAL_ACTIVITY,GENERAL_ACTIVITY,0," [SECRET, EQUAL, 1hoktsjor3zzdn4jviggf3vgbliyz4ruu]",10,GameBus Studio
18,Practice_meditation,,https://campaigns.healthyw8.gamebus.eu/api/media/HW8-immutable/5ff935d3-d0ae-4dce-bfcd-d2f71bf2ca63.jpeg,,,1.0,7,GENERAL_ACTIVITY,GENERAL_ACTIVITY,0," [SECRET, EQUAL, zn3ozgv1xzxyyqadp73w7tnqvneynjr]",1,GameBus Studio
18,Engage_with_others,,https://campaigns.healthyw8.gamebus.eu/api/media/HW8-immutable/5ff935d3-d0ae-4dce-bfcd-d2f71bf2ca63.jpeg,,,1.0,7,GENERAL_ACTIVITY,GENERAL_ACTIVITY,0," [SECRET, EQUAL, bcozmtialo281wys9k0faa9ro8g0qcu]",1,GameBus Studio
18,Engage_with_others,,https://campaigns.healthyw8.gamebus.eu/api/media/HW8-immutable/5ff935d3-d0ae-4dce-bfcd-d2f71bf2ca63.jpeg,,,1.0,7,GENERAL_ACTIVITY,GENERAL_ACTIVITY,0," [SECRET, EQUAL, ae84npsc39j2nglon3fpwde7oru8tfg3h6jmmlugxkorwrq1k]",1,GameBus Studio
18,Put_on_your_walking_shoes_and_take_a_picture_of_them,,https://campaigns.healthyw8.gamebus.eu/api/media/HW8-immutable/5ff935d3-d0ae-4dce-bfcd-d2f71bf2ca63.jpeg,,,1.0,7,GENERAL_ACTIVITY,GENERAL_ACTIVITY,0," [SECRET, EQUAL, 6ji1giiud65arrgtyxxi8o1sfdr88i7vl8oxd7khla1g]",1,GameBus Studio
18,Take_100_steps,,https://campaigns.healthyw8.gamebus.eu/api/media/HW8-immutable/5ff935d3-d0ae-4dce-bfcd-d2f71bf2ca63.jpeg,,,1.0,7,WALK,WALK,0,"[STEPS, STRICTLY_GREATER, 100], [SECRET, EQUAL, i29azpoouyjjvryo3t7]",1,GameBus Studio
18,Plan_an_event_with_others,,https://campaigns.healthyw8.gamebus.eu/api/media/HW8-immutable/5ff935d3-d0ae-4dce-bfcd-d2f71bf2ca63.jpeg,,,1.0,7,GENERAL_ACTIVITY,GENERAL_ACTIVITY,0," [SECRET, EQUAL, ltwzj8g7m8nec5kkvd4gv195ucjjjy]",7,GameBus Studio
18,Cook_dinner_for_someone,,https://campaigns.healthyw8.gamebus.eu/api/media/HW8-immutable/5ff935d3-d0ae-4dce-bfcd-d2f71bf2ca63.jpeg,,,1.0,7,GENERAL_ACTIVITY,GENERAL_ACTIVITY,0," [SECRET, EQUAL, mc66a5su7zyfcre4uvo8djk2hfspq60ldkitfzj43ajdn0013w]",1,GameBus Studio
18,Take_a_15-minute_walk_without_stopping,,https://campaigns.healthyw8.gamebus.eu/api/media/HW8-immutable/5ff935d3-d0ae-4dce-bfcd-d2f71bf2ca63.jpeg,,,1.0,7,GENERAL_ACTIVITY,GENERAL_ACTIVITY,0," [SECRET, EQUAL, tzk9dphnn51u3evu888cj3lvfqeo2zdghs04g]",1,GameBus Studio
18,Take_100_steps,,https://campaigns.healthyw8.gamebus.eu/api/media/HW8-immutable/5ff935d3-d0ae-4dce-bfcd-d2f71bf2ca63.jpeg,,,1.0,7,WALK,WALK,0,"[STEPS, STRICTLY_GREATER, 100], [SECRET, EQUAL, otbdyrtyjvul5s35tqi]",1,GameBus Studio
18,Take_200_steps,,https://campaigns.healthyw8.gamebus.eu/api/media/HW8-immutable/5ff935d3-d0ae-4dce-bfcd-d2f71bf2ca63.jpeg,,,1.0,7,WALK,WALK,0,"[STEPS, STRICTLY_GREATER, 200], [SECRET, EQUAL, xwi0g1el733t9a]",1,GameBus Studio
18,Take_8000_steps,,https://campaigns.healthyw8.gamebus.eu/api/media/HW8-immutable/5ff935d3-d0ae-4dce-bfcd-d2f71bf2ca63.jpeg,,,1.0,7,WALK,WALK,0,"[STEPS, STRICTLY_GREATER, 400], [SECRET, EQUAL, po9yot0slnayqd9628hdjja2ckxawnx7kk65]",20,GameBus Studio
19,Practice_learning_a_new_skill,,https://campaigns.healthyw8.gamebus.eu/api/media/HW8-immutable/5ff935d3-d0ae-4dce-bfcd-d2f71bf2ca63.jpeg,,,1.0,7,GENERAL_ACTIVITY,GENERAL_ACTIVITY,0," [SECRET, EQUAL, 16ndq70xmdn3r8trhr69zk6vvb4y53wt0riptduj4aoqj5]",2,GameBus Studio
19,Plan_an_event_with_others,,https://campaigns.healthyw8.gamebus.eu/api/media/HW8-immutable/5ff935d3-d0ae-4dce-bfcd-d2f71bf2ca63.jpeg,,,1.0,7,GENERAL_ACTIVITY,GENERAL_ACTIVITY,0," [SECRET, EQUAL, i9uck8jj99]",7,GameBus Studio
19,Talk_to_a_family_member,,https://campaigns.healthyw8.gamebus.eu/api/media/HW8-immutable/5ff935d3-d0ae-4dce-bfcd-d2f71bf2ca63.jpeg,,,1.0,7,GENERAL_ACTIVITY,GENERAL_ACTIVITY,0," [SECRET, EQUAL, rlq22hou0k11a9uf4vz8x62]",1,GameBus Studio
19,Take_200_steps,,https://campaigns.healthyw8.gamebus.eu/api/media/HW8-immutable/5ff935d3-d0ae-4dce-bfcd-d2f71bf2ca63.jpeg,,,1.0,7,WALK,WALK,0,"[STEPS, STRICTLY_GREATER, 200], [SECRET, EQUAL, z53129tqvqfs27sx4fvqo2]",1,GameBus Studio
19,Take_8000_steps,,https://campaigns.healthyw8.gamebus.eu/api/media/HW8-immutable/5ff935d3-d0ae-4dce-bfcd-d2f71bf2ca63.jpeg,,,1.0,7,WALK,WALK,0,"[STEPS, STRICTLY_GREATER, 400], [SECRET, EQUAL, jjb27e26oixv0tpq4w7]",20,GameBus Studio
20,Go_on_a_30_min_walk,,https://campaigns.healthyw8.gamebus.eu/api/media/HW8-immutable/5ff935d3-d0ae-4dce-bfcd-d2f71bf2ca63.jpeg,,,1.0,7,GENERAL_ACTIVITY,GENERAL_ACTIVITY,0," [SECRET, EQUAL, x12p158eam0yv7psdzcw4lqr4djiy00we0u3rt5mfgj]",1,GameBus Studio
20,Practice_creative_writing,,https://campaigns.healthyw8.gamebus.eu/api/media/HW8-immutable/5ff935d3-d0ae-4dce-bfcd-d2f71bf2ca63.jpeg,,,1.0,7,GENERAL_ACTIVITY,GENERAL_ACTIVITY,0," [SECRET, EQUAL, xxtav2habhfvv1qg4ih6rz7k9ymwfo3wsdjtz]",10,GameBus Studio
20,Enjoy_an_activity_with_a_family_member,,https://campaigns.healthyw8.gamebus.eu/api/media/HW8-immutable/5ff935d3-d0ae-4dce-bfcd-d2f71bf2ca63.jpeg,,,1.0,7,GENERAL_ACTIVITY,GENERAL_ACTIVITY,0," [SECRET, EQUAL, ujfrm0dzw3t8dg6f7bz9toxgyk6umpy8bm0jjwx6n6]",1,GameBus Studio
20,Take_100_steps,,https://campaigns.healthyw8.gamebus.eu/api/media/HW8-immutable/5ff935d3-d0ae-4dce-bfcd-d2f71bf2ca63.jpeg,,,1.0,7,WALK,WALK,0,"[STEPS, STRICTLY_GREATER, 100], [SECRET, EQUAL, b5biljm1yeq7irrx5377zgegfey5]",1,GameBus Studio
20,Go_to_a_social_event,,https://campaigns.healthyw8.gamebus.eu/api/media/HW8-immutable/5ff935d3-d0ae-4dce-bfcd-d2f71bf2ca63.jpeg,,,1.0,7,GENERAL_ACTIVITY,GENERAL_ACTIVITY,0," [SECRET, EQUAL, o448jayanw6w0hhuxjgssvzcfspbxg]",1,GameBus Studio
20,Take_200_steps,,https://campaigns.healthyw8.gamebus.eu/api/media/HW8-immutable/5ff935d3-d0ae-4dce-bfcd-d2f71bf2ca63.jpeg,,,1.0,7,WALK,WALK,0,"[STEPS, STRICTLY_GREATER, 200], [SECRET, EQUAL, bazjygytqp6q5iqxevaldbcj7qus]",1,GameBus Studio
20,Put_on_your_walking_shoes_and_take_a_picture_of_them,,https://campaigns.healthyw8.gamebus.eu/api/media/HW8-immutable/5ff935d3-d0ae-4dce-bfcd-d2f71bf2ca63.jpeg,,,1.0,7,GENERAL_ACTIVITY,GENERAL_ACTIVITY,0," [SECRET, EQUAL, pvustuocyqunzj20myr7xsz]",1,GameBus Studio
20,Say_hi_to_a_colleague,,https://campaigns.healthyw8.gamebus.eu/api/media/HW8-immutable/5ff935d3-d0ae-4dce-bfcd-d2f71bf2ca63.jpeg,,,1.0,7,GENERAL_ACTIVITY,GENERAL_ACTIVITY,0," [SECRET, EQUAL, pc2k34q72jdrky279m5kzglv3bivv4vsfb]",1,GameBus Studio
20,Take_a_25-minute_walk_without_stopping,,https://campaigns.healthyw8.gamebus.eu/api/media/HW8-immutable/5ff935d3-d0ae-4dce-bfcd-d2f71bf2ca63.jpeg,,,1.0,7,GENERAL_ACTIVITY,GENERAL_ACTIVITY,0," [SECRET, EQUAL, fcw9xa0ts08v18t6zsbzcuw1u]",6,GameBus Studio
20,Talk_to_an_old_friend,,https://campaigns.healthyw8.gamebus.eu/api/media/HW8-immutable/5ff935d3-d0ae-4dce-bfcd-d2f71bf2ca63.jpeg,,,1.0,7,GENERAL_ACTIVITY,GENERAL_ACTIVITY,0," [SECRET, EQUAL, ylpdhr3a2kne13wao50cjumak]",10,GameBus Studio
21,Practice_a_brain_game,,https://campaigns.healthyw8.gamebus.eu/api/media/HW8-immutable/5ff935d3-d0ae-4dce-bfcd-d2f71bf2ca63.jpeg,,,1.0,7,GENERAL_ACTIVITY,GENERAL_ACTIVITY,0," [SECRET, EQUAL, 365ntl4anv7cv2n0gsggu90w51]",1,GameBus Studio
21,Take_a_25-minute_walk_without_stopping,,https://campaigns.healthyw8.gamebus.eu/api/media/HW8-immutable/5ff935d3-d0ae-4dce-bfcd-d2f71bf2ca63.jpeg,,,1.0,7,GENERAL_ACTIVITY,GENERAL_ACTIVITY,0," [SECRET, EQUAL, 5vvmhbrv0xzn5oq6v5lrw6aikbdnx4qva7zeowwma6qiqd]",6,GameBus Studio
21,Take_between_1500_and_2500_steps,,https://campaigns.healthyw8.gamebus.eu/api/media/HW8-immutable/5ff935d3-d0ae-4dce-bfcd-d2f71bf2ca63.jpeg,,,1.0,7,WALK,WALK,0,"[STEPS, STRICTLY_GREATER, 1500], [SECRET, EQUAL, jp8cy1z1la9r8ru8jltxdoc5ageta43boc06]",1,GameBus Studio
21,Take_200_steps,,https://campaigns.healthyw8.gamebus.eu/api/media/HW8-immutable/5ff935d3-d0ae-4dce-bfcd-d2f71bf2ca63.jpeg,,,1.0,7,WALK,WALK,0,"[STEPS, STRICTLY_GREATER, 200], [SECRET, EQUAL, rug73j1js66ok0kii59dl1npp9e39v]",1,GameBus Studio
21,Take_300_steps,,https://campaigns.healthyw8.gamebus.eu/api/media/HW8-immutable/5ff935d3-d0ae-4dce-bfcd-d2f71bf2ca63.jpeg,,,1.0,7,WALK,WALK,0,"[STEPS, STRICTLY_GREATER, 300], [SECRET, EQUAL, zsnql7aczfohx4q85eujbs6j8gh27h2a8xibq]",1,GameBus Studio
21,Enjoy_an_activity_with_a_family_member,,https://campaigns.healthyw8.gamebus.eu/api/media/HW8-immutable/5ff935d3-d0ae-4dce-bfcd-d2f71bf2ca63.jpeg,,,1.0,7,GENERAL_ACTIVITY,GENERAL_ACTIVITY,0," [SECRET, EQUAL, 6cac2oyyprx61uod0fgktwc6fxw3z34e]",1,GameBus Studio
21,Talk_to_an_old_friend,,https://campaigns.healthyw8.gamebus.eu/api/media/HW8-immutable/5ff935d3-d0ae-4dce-bfcd-d2f71bf2ca63.jpeg,,,1.0,7,GENERAL_ACTIVITY,GENERAL_ACTIVITY,0," [SECRET, EQUAL, z7xhe8knjtrdicrs0hnpjw2hjs8zxo5sctvt7j2b5m45u34to]",10,GameBus Studio
22,Talk_to_a_family_member,,https://campaigns.healthyw8.gamebus.eu/api/media/HW8-immutable/5ff935d3-d0ae-4dce-bfcd-d2f71bf2ca63.jpeg,,,1.0,7,GENERAL_ACTIVITY,GENERAL_ACTIVITY,0," [SECRET, EQUAL, 6hnrm64gu943lb7379q37slq9rh36juk]",1,GameBus Studio
22,Cook_dinner_for_someone,,https://campaigns.healthyw8.gamebus.eu/api/media/HW8-immutable/5ff935d3-d0ae-4dce-bfcd-d2f71bf2ca63.jpeg,,,1.0,7,GENERAL_ACTIVITY,GENERAL_ACTIVITY,0," [SECRET, EQUAL, 82zmsupa8rpz8opsxrjjrhk7czqp4]",1,GameBus Studio
22,Talk_to_an_old_friend,,https://campaigns.healthyw8.gamebus.eu/api/media/HW8-immutable/5ff935d3-d0ae-4dce-bfcd-d2f71bf2ca63.jpeg,,,1.0,7,GENERAL_ACTIVITY,GENERAL_ACTIVITY,0," [SECRET, EQUAL, k17oze97ql]",10,GameBus Studio
22,Put_on_your_walking_shoes_and_take_a_picture_of_them,,https://campaigns.healthyw8.gamebus.eu/api/media/HW8-immutable/5ff935d3-d0ae-4dce-bfcd-d2f71bf2ca63.jpeg,,,1.0,7,GENERAL_ACTIVITY,GENERAL_ACTIVITY,0," [SECRET, EQUAL, g8yjfef9vzio6ots1xxlijq6qdhx95fv4hndmde2rotc4vz3o]",1,GameBus Studio
22,Take_300_steps,,https://campaigns.healthyw8.gamebus.eu/api/media/HW8-immutable/5ff935d3-d0ae-4dce-bfcd-d2f71bf2ca63.jpeg,,,1.0,7,WALK,WALK,0,"[STEPS, STRICTLY_GREATER, 300], [SECRET, EQUAL, gmoogiw0wuv8mx59tc5389rzc9]",1,GameBus Studio
22,Take_a_25-minute_walk_without_stopping,,https://campaigns.healthyw8.gamebus.eu/api/media/HW8-immutable/5ff935d3-d0ae-4dce-bfcd-d2f71bf2ca63.jpeg,,,1.0,7,GENERAL_ACTIVITY,GENERAL_ACTIVITY,0," [SECRET, EQUAL, khnxamqc1n3lnb521dw9q6l47eenh2vwc]",6,GameBus Studio
22,Take_a_15-minute_walk_without_stopping,,https://campaigns.healthyw8.gamebus.eu/api/media/HW8-immutable/5ff935d3-d0ae-4dce-bfcd-d2f71bf2ca63.jpeg,,,1.0,7,GENERAL_ACTIVITY,GENERAL_ACTIVITY,0," [SECRET, EQUAL, we9q4ykctf26r60z1mzm7abikgm7pp8z0fyh7g9]",1,GameBus Studio
23,Take_between_1500_and_2500_steps,,https://campaigns.healthyw8.gamebus.eu/api/media/HW8-immutable/5ff935d3-d0ae-4dce-bfcd-d2f71bf2ca63.jpeg,,,1.0,7,WALK,WALK,0,"[STEPS, STRICTLY_GREATER, 1500], [SECRET, EQUAL, cb607f5a9uhk3a6ucl6f1oy8rdcnqidc2w3tz32gqfx0b]",1,GameBus Studio
23,Take_100_steps,,https://campaigns.healthyw8.gamebus.eu/api/media/HW8-immutable/5ff935d3-d0ae-4dce-bfcd-d2f71bf2ca63.jpeg,,,1.0,7,WALK,WALK,0,"[STEPS, STRICTLY_GREATER, 100], [SECRET, EQUAL, y24uegc4e175ata5v53i2ycnifuhxcl7ir44875ljvsinp2bt]",1,GameBus Studio
23,Take_between_1500_and_2500_steps,,https://campaigns.healthyw8.gamebus.eu/api/media/HW8-immutable/5ff935d3-d0ae-4dce-bfcd-d2f71bf2ca63.jpeg,,,1.0,7,WALK,WALK,0,"[STEPS, STRICTLY_GREATER, 1500], [SECRET, EQUAL, f98q9yfdkrrtl6]",1,GameBus Studio
23,Take_between_1500_and_2500_steps,,https://campaigns.healthyw8.gamebus.eu/api/media/HW8-immutable/5ff935d3-d0ae-4dce-bfcd-d2f71bf2ca63.jpeg,,,1.0,7,WALK,WALK,0,"[STEPS, STRICTLY_GREATER, 1500], [SECRET, EQUAL, 74ektwgciuaig8fwoo0q2]",1,GameBus Studio
23,Plan_an_event_with_others,,https://campaigns.healthyw8.gamebus.eu/api/media/HW8-immutable/5ff935d3-d0ae-4dce-bfcd-d2f71bf2ca63.jpeg,,,1.0,7,GENERAL_ACTIVITY,GENERAL_ACTIVITY,0," [SECRET, EQUAL, kldbwhebcx1kg1thh96ok74f175mijedjzqlibta6ohu]",7,GameBus Studio
23,Talk_to_an_old_colleague,,https://campaigns.healthyw8.gamebus.eu/api/media/HW8-immutable/5ff935d3-d0ae-4dce-bfcd-d2f71bf2ca63.jpeg,,,1.0,7,GENERAL_ACTIVITY,GENERAL_ACTIVITY,0," [SECRET, EQUAL, 54o2tmcv3yi7yo3ygxi0rgbqx2m50ftso3az2shg]",1,GameBus Studio
23,Engage_with_others,,https://campaigns.healthyw8.gamebus.eu/api/media/HW8-immutable/5ff935d3-d0ae-4dce-bfcd-d2f71bf2ca63.jpeg,,,1.0,7,GENERAL_ACTIVITY,GENERAL_ACTIVITY,0," [SECRET, EQUAL, q731p3fokcn4b14]",1,GameBus Studio
23,Take_between_1500_and_2500_steps,,https://campaigns.healthyw8.gamebus.eu/api/media/HW8-immutable/5ff935d3-d0ae-4dce-bfcd-d2f71bf2ca63.jpeg,,,1.0,7,WALK,WALK,0,"[STEPS, STRICTLY_GREATER, 1500], [SECRET, EQUAL, vy73kepqp8361865bx4mzu732d8z4yekbrdignkasnv8]",1,GameBus Studio
23,Take_8000_steps,,https://campaigns.healthyw8.gamebus.eu/api/media/HW8-immutable/5ff935d3-d0ae-4dce-bfcd-d2f71bf2ca63.jpeg,,,1.0,7,WALK,WALK,0,"[STEPS, STRICTLY_GREATER, 400], [SECRET, EQUAL, 5disw7ildlihjwtiyqy46jwzzlkkw5uvj]",20,GameBus Studio
23,Enjoy_an_activity_with_a_family_member,,https://campaigns.healthyw8.gamebus.eu/api/media/HW8-immutable/5ff935d3-d0ae-4dce-bfcd-d2f71bf2ca63.jpeg,,,1.0,7,GENERAL_ACTIVITY,GENERAL_ACTIVITY,0," [SECRET, EQUAL, 0h5e04wnyxuaps2i04mk8pt]",1,GameBus Studio
24,Cook_dinner_for_someone,,https://campaigns.healthyw8.gamebus.eu/api/media/HW8-immutable/5ff935d3-d0ae-4dce-bfcd-d2f71bf2ca63.jpeg,,,1.0,7,GENERAL_ACTIVITY,GENERAL_ACTIVITY,0," [SECRET, EQUAL, f7oob8d4z6ir]",1,GameBus Studio
24,Talk_to_a_family_member,,https://campaigns.healthyw8.gamebus.eu/api/media/HW8-immutable/5ff935d3-d0ae-4dce-bfcd-d2f71bf2ca63.jpeg,,,1.0,7,GENERAL_ACTIVITY,GENERAL_ACTIVITY,0," [SECRET, EQUAL, 8wjr84lfsr0b0fkjx2xlg6mr2zvvhudz1q7rt]",1,GameBus Studio
24,Say_hi_to_a_colleague,,https://campaigns.healthyw8.gamebus.eu/api/media/HW8-immutable/5ff935d3-d0ae-4dce-bfcd-d2f71bf2ca63.jpeg,,,1.0,7,GENERAL_ACTIVITY,GENERAL_ACTIVITY,0," [SECRET, EQUAL, 2lfntnd09k2rybr8cc64n40n6aj4n2nke9wnepr]",1,GameBus Studio
24,Take_a_15-minute_walk_without_stopping,,https://campaigns.healthyw8.gamebus.eu/api/media/HW8-immutable/5ff935d3-d0ae-4dce-bfcd-d2f71bf2ca63.jpeg,,,1.0,7,GENERAL_ACTIVITY,GENERAL_ACTIVITY,0," [SECRET, EQUAL, 523o8tz3sw4xi8y1so570a90tboa6dktyqk2nv4oolwn]",1,GameBus Studio
24,Engage_with_others,,https://campaigns.healthyw8.gamebus.eu/api/media/HW8-immutable/5ff935d3-d0ae-4dce-bfcd-d2f71bf2ca63.jpeg,,,1.0,7,GENERAL_ACTIVITY,GENERAL_ACTIVITY,0," [SECRET, EQUAL, g7z03kp2z8q2f8eb8bz9es7llo4ou2e42cqsks6v4]",1,GameBus Studio
24,Enjoy_an_activity_with_a_family_member,,https://campaigns.healthyw8.gamebus.eu/api/media/HW8-immutable/5ff935d3-d0ae-4dce-bfcd-d2f71bf2ca63.jpeg,,,1.0,7,GENERAL_ACTIVITY,GENERAL_ACTIVITY,0," [SECRET, EQUAL, owysc43jg7fiwgnxc833eyyuc25l2247a3p4kk7f3aou5b]",1,GameBus Studio
24,Cook_dinner_for_someone,,https://campaigns.healthyw8.gamebus.eu/api/media/HW8-immutable/5ff935d3-d0ae-4dce-bfcd-d2f71bf2ca63.jpeg,,,1.0,7,GENERAL_ACTIVITY,GENERAL_ACTIVITY,0," [SECRET, EQUAL, ou7up1j9pt4cc56uxfd1a]",1,GameBus Studio
24,Take_200_steps,,https://campaigns.healthyw8.gamebus.eu/api/media/HW8-immutable/5ff935d3-d0ae-4dce-bfcd-d2f71bf2ca63.jpeg,,,1.0,7,WALK,WALK,0,"[STEPS, STRICTLY_GREATER, 200], [SECRET, EQUAL, atradsw76pq2poacr9ohvwxlsy]",1,GameBus Studio
24,Talk_to_an_old_friend,,https://campaigns.healthyw8.gamebus.eu/api/media/HW8-immutable/5ff935d3-d0ae-4dce-bfcd-d2f71bf2ca63.jpeg,,,1.0,7,GENERAL_ACTIVITY,GENERAL_ACTIVITY,0," [SECRET, EQUAL, z0zhxyjxu6p0z]",10,GameBus Studio
24,Take_a_25-minute_walk_without_stopping,,https://campaigns.healthyw8.gamebus.eu/api/media/HW8-immutable/5ff935d3-d0ae-4dce-bfcd-d2f71bf2ca63.jpeg,,,1.0,7,GENERAL_ACTIVITY,GENERAL_ACTIVITY,0," [SECRET, EQUAL, w26dq9hs4wobppdmj4oiwq8oehnp052lxjzg7jp83uc2a]",6,GameBus Studio
24,Take_100_steps,,https://campaigns.healthyw8.gamebus.eu/api/media/HW8-immutable/5ff935d3-d0ae-4dce-bfcd-d2f71bf2ca63.jpeg,,,1.0,7,WALK,WALK,0,"[STEPS, STRICTLY_GREATER, 100], [SECRET, EQUAL, wb8f7g3c1vmu297s7pvz8lwl0din2dstnlp5mp]",1,GameBus Studio
24,Take_200_steps,,https://campaigns.healthyw8.gamebus.eu/api/media/HW8-immutable/5ff935d3-d0ae-4dce-bfcd-d2f71bf2ca63.jpeg,,,1.0,7,WALK,WALK,0,"[STEPS, STRICTLY_GREATER, 200], [SECRET, EQUAL, 1xyxztt97dck9wleio9mgl2f8rtc1pcfrjlraujrwvfivad]",1,GameBus Studio
25,Go_to_a_social_event,,https://campaigns.healthyw8.gamebus.eu/api/media/HW8-immutable/5ff935d3-d0ae-4dce-bfcd-d2f71bf2ca63.jpeg,,,1.0,7,GENERAL_ACTIVITY,GENERAL_ACTIVITY,0," [SECRET, EQUAL, ywlerovce1rbt0ex2wupahsyrbuf0r635cwgdteus2hcn77]",1,GameBus Studio
25,Call_a_friend,,https://campaigns.healthyw8.gamebus.eu/api/media/HW8-immutable/5ff935d3-d0ae-4dce-bfcd-d2f71bf2ca63.jpeg,,,1.0,7,GENERAL_ACTIVITY,GENERAL_ACTIVITY,0," [SECRET, EQUAL, vv859hn82mk6yr2xhmg9o]",1,GameBus Studio
25,Call_a_friend,,https://campaigns.healthyw8.gamebus.eu/api/media/HW8-immutable/5ff935d3-d0ae-4dce-bfcd-d2f71bf2ca63.jpeg,,,1.0,7,GENERAL_ACTIVITY,GENERAL_ACTIVITY,0," [SECRET, EQUAL, ufeshqw1xomp2moby5lm049efa4i86p9apjwl]",1,GameBus Studio
25,Go_on_a_group_activity,,https://campaigns.healthyw8.gamebus.eu/api/media/HW8-immutable/5ff935d3-d0ae-4dce-bfcd-d2f71bf2ca63.jpeg,,,1.0,7,GENERAL_ACTIVITY,GENERAL_ACTIVITY,0," [SECRET, EQUAL, 3ylw6d4zjjmay0rndf49ojvfu]",5,GameBus Studio
25,Talk_to_a_family_member,,https://campaigns.healthyw8.gamebus.eu/api/media/HW8-immutable/5ff935d3-d0ae-4dce-bfcd-d2f71bf2ca63.jpeg,,,1.0,7,GENERAL_ACTIVITY,GENERAL_ACTIVITY,0," [SECRET, EQUAL, rl56w6wn5eeg]",1,GameBus Studio
25,Take_300_steps,,https://campaigns.healthyw8.gamebus.eu/api/media/HW8-immutable/5ff935d3-d0ae-4dce-bfcd-d2f71bf2ca63.jpeg,,,1.0,7,WALK,WALK,0,"[STEPS, STRICTLY_GREATER, 300], [SECRET, EQUAL, yvby7to70viofajih9lzgqeqcf]",1,GameBus Studio
25,Take_100_steps,,https://campaigns.healthyw8.gamebus.eu/api/media/HW8-immutable/5ff935d3-d0ae-4dce-bfcd-d2f71bf2ca63.jpeg,,,1.0,7,WALK,WALK,0,"[STEPS, STRICTLY_GREATER, 100], [SECRET, EQUAL, zstix3b1zm9wy0t3mq1vfzzihb11e3dq]",1,GameBus Studio
25,Take_a_15-minute_walk_without_stopping,,https://campaigns.healthyw8.gamebus.eu/api/media/HW8-immutable/5ff935d3-d0ae-4dce-bfcd-d2f71bf2ca63.jpeg,,,1.0,7,GENERAL_ACTIVITY,GENERAL_ACTIVITY,0," [SECRET, EQUAL, wcqkmmyjc916hq6o3m1qj3rgxwj5l00dpn29jauewfp]",1,GameBus Studio
25,Go_on_a_30_min_walk,,https://campaigns.healthyw8.gamebus.eu/api/media/HW8-immutable/5ff935d3-d0ae-4dce-bfcd-d2f71bf2ca63.jpeg,,,1.0,7,GENERAL_ACTIVITY,GENERAL_ACTIVITY,0," [SECRET, EQUAL, 10lp1rs5z42ycyjjvnb]",1,GameBus Studio
25,Take_between_1500_and_2500_steps,,https://campaigns.healthyw8.gamebus.eu/api/media/HW8-immutable/5ff935d3-d0ae-4dce-bfcd-d2f71bf2ca63.jpeg,,,1.0,7,WALK,WALK,0,"[STEPS, STRICTLY_GREATER, 1500], [SECRET, EQUAL, sz8fbf46lf6vv0jx6acc5a14g8sn7f4vxq7xrvy3j53yq1h]",1,GameBus Studio
25,Take_300_steps,,https://campaigns.healthyw8.gamebus.eu/api/media/HW8-immutable/5ff935d3-d0ae-4dce-bfcd-d2f71bf2ca63.jpeg,,,1.0,7,WALK,WALK,0,"[STEPS, STRICTLY_GREATER, 300], [SECRET, EQUAL, 6in77vw1yrlqo4dnhn7lbjfj8fpci3zx]",1,GameBus Studio
25,Take_300_steps,,https://campaigns.healthyw8.gamebus.eu/api/media/HW8-immutable/5ff935d3-d0ae-4dce-bfcd-d2f71bf2ca63.jpeg,,,1.0,7,WALK,WALK,0,"[STEPS, STRICTLY_GREATER, 300], [SECRET, EQUAL, 9j1ybmx5kc]",1,GameBus Studio
26,Take_8000_steps,,https://campaigns.healthyw8.gamebus.eu/api/media/HW8-immutable/5ff935d3-d0ae-4dce-bfcd-d2f71bf2ca63.jpeg,,,1.0,7,WALK,WALK,0,"[STEPS, STRICTLY_GREATER, 400], [SECRET, EQUAL, 6emzr2rackeqa96mavfawineeibp0gxpvoc5ep1fs7tmwfk]",20,GameBus Studio
26,Cook_dinner_for_someone,,https://campaigns.healthyw8.gamebus.eu/api/media/HW8-immutable/5ff935d3-d0ae-4dce-bfcd-d2f71bf2ca63.jpeg,,,1.0,7,GENERAL_ACTIVITY,GENERAL_ACTIVITY,0," [SECRET, EQUAL, b05mv6b8nm7mdu8jt60]",1,GameBus Studio
26,Call_a_friend,,https://campaigns.healthyw8.gamebus.eu/api/media/HW8-immutable/5ff935d3-d0ae-4dce-bfcd-d2f71bf2ca63.jpeg,,,1.0,7,GENERAL_ACTIVITY,GENERAL_ACTIVITY,0," [SECRET, EQUAL, j68gofbgal1cm36j740svbqpxf2jwzbq7tu04hyc5qhhrmxlb]",1,GameBus Studio
26,Cook_dinner_for_someone,,https://campaigns.healthyw8.gamebus.eu/api/media/HW8-immutable/5ff935d3-d0ae-4dce-bfcd-d2f71bf2ca63.jpeg,,,1.0,7,GENERAL_ACTIVITY,GENERAL_ACTIVITY,0," [SECRET, EQUAL, lw5e9q8bq0omkpeoscg9f1ivvg2mse8aimmit8bgfnlynwyev]",1,GameBus Studio
26,Share_an_article,,https://campaigns.healthyw8.gamebus.eu/api/media/HW8-immutable/5ff935d3-d0ae-4dce-bfcd-d2f71bf2ca63.jpeg,,,1.0,7,GENERAL_ACTIVITY,GENERAL_ACTIVITY,0," [SECRET, EQUAL, xbfqjkw3sdb7hqnwe0htflourjygk]",1,GameBus Studio
26,Cook_dinner_for_someone,,https://campaigns.healthyw8.gamebus.eu/api/media/HW8-immutable/5ff935d3-d0ae-4dce-bfcd-d2f71bf2ca63.jpeg,,,1.0,7,GENERAL_ACTIVITY,GENERAL_ACTIVITY,0," [SECRET, EQUAL, g5otkufprun0zerqq3hlixgbv756kvacyb1x]",1,GameBus Studio
26,Talk_to_an_old_friend,,https://campaigns.healthyw8.gamebus.eu/api/media/HW8-immutable/5ff935d3-d0ae-4dce-bfcd-d2f71bf2ca63.jpeg,,,1.0,7,GENERAL_ACTIVITY,GENERAL_ACTIVITY,0," [SECRET, EQUAL, orvggzq6s93cgc]",10,GameBus Studio
27,Put_on_your_walking_shoes_and_take_a_picture_of_them,,https://campaigns.healthyw8.gamebus.eu/api/media/HW8-immutable/5ff935d3-d0ae-4dce-bfcd-d2f71bf2ca63.jpeg,,,1.0,7,GENERAL_ACTIVITY,GENERAL_ACTIVITY,0," [SECRET, EQUAL, lekce73lhlsgi]",1,GameBus Studio
27,Take_100_steps,,https://campaigns.healthyw8.gamebus.eu/api/media/HW8-immutable/5ff935d3-d0ae-4dce-bfcd-d2f71bf2ca63.jpeg,,,1.0,7,WALK,WALK,0,"[STEPS, STRICTLY_GREATER, 100], [SECRET, EQUAL, y4epumj7a1qh7jg7afd7m]",1,GameBus Studio
27,Take_300_steps,,https://campaigns.healthyw8.gamebus.eu/api/media/HW8-immutable/5ff935d3-d0ae-4dce-bfcd-d2f71bf2ca63.jpeg,,,1.0,7,WALK,WALK,0,"[STEPS, STRICTLY_GREATER, 300], [SECRET, EQUAL, 37k7u8gztkz6zipmt7tzm9vr0ntm6t0h9h6l4uuc1ols7ye]",1,GameBus Studio
27,Share_an_article,,https://campaigns.healthyw8.gamebus.eu/api/media/HW8-immutable/5ff935d3-d0ae-4dce-bfcd-d2f71bf2ca63.jpeg,,,1.0,7,GENERAL_ACTIVITY,GENERAL_ACTIVITY,0," [SECRET, EQUAL, pevvkvwrbt0b02du3iqi3]",1,GameBus Studio
27,Take_200_steps,,https://campaigns.healthyw8.gamebus.eu/api/media/HW8-immutable/5ff935d3-d0ae-4dce-bfcd-d2f71bf2ca63.jpeg,,,1.0,7,WALK,WALK,0,"[STEPS, STRICTLY_GREATER, 200], [SECRET, EQUAL, yhvoyddzx54hk3724sj6opls3cvpswsf9]",1,GameBus Studio
27,Join_a_community_event,,https://campaigns.healthyw8.gamebus.eu/api/media/HW8-immutable/5ff935d3-d0ae-4dce-bfcd-d2f71bf2ca63.jpeg,,,1.0,7,GENERAL_ACTIVITY,GENERAL_ACTIVITY,0," [SECRET, EQUAL, fnttlik60sz1xw720r83u8xniehc77ftc]",10,GameBus Studio
27,Take_8000_steps,,https://campaigns.healthyw8.gamebus.eu/api/media/HW8-immutable/5ff935d3-d0ae-4dce-bfcd-d2f71bf2ca63.jpeg,,,1.0,7,WALK,WALK,0,"[STEPS, STRICTLY_GREATER, 400], [SECRET, EQUAL, u2u93xeonx8hlkwu0k3wave082sfeohxvvvohiq]",20,GameBus Studio
28,Take_300_steps,,https://campaigns.healthyw8.gamebus.eu/api/media/HW8-immutable/5ff935d3-d0ae-4dce-bfcd-d2f71bf2ca63.jpeg,,,1.0,7,WALK,WALK,0,"[STEPS, STRICTLY_GREATER, 300], [SECRET, EQUAL, u0iep8e7t59hu896pdzhcrhv0hb796]",1,GameBus Studio
28,Say_hi_to_a_colleague,,https://campaigns.healthyw8.gamebus.eu/api/media/HW8-immutable/5ff935d3-d0ae-4dce-bfcd-d2f71bf2ca63.jpeg,,,1.0,7,GENERAL_ACTIVITY,GENERAL_ACTIVITY,0," [SECRET, EQUAL, zgups7e9elv]",1,GameBus Studio
28,Cook_dinner_for_someone,,https://campaigns.healthyw8.gamebus.eu/api/media/HW8-immutable/5ff935d3-d0ae-4dce-bfcd-d2f71bf2ca63.jpeg,,,1.0,7,GENERAL_ACTIVITY,GENERAL_ACTIVITY,0," [SECRET, EQUAL, jp4393lbg3lbvckvzdutunhbqni2qzp5]",1,GameBus Studio
28,Enjoy_an_activity_with_a_family_member,,https://campaigns.healthyw8.gamebus.eu/api/media/HW8-immutable/5ff935d3-d0ae-4dce-bfcd-d2f71bf2ca63.jpeg,,,1.0,7,GENERAL_ACTIVITY,GENERAL_ACTIVITY,0," [SECRET, EQUAL, p2obnos6cc26lwzmw4k231zw9az]",1,GameBus Studio
28,Take_a_25-minute_walk_without_stopping,,https://campaigns.healthyw8.gamebus.eu/api/media/HW8-immutable/5ff935d3-d0ae-4dce-bfcd-d2f71bf2ca63.jpeg,,,1.0,7,GENERAL_ACTIVITY,GENERAL_ACTIVITY,0," [SECRET, EQUAL, 0olnyesatra8ixg7wpgbt4z02acb2earnngl3d3ge7u5i]",6,GameBus Studio
28,Join_a_community_event,,https://campaigns.healthyw8.gamebus.eu/api/media/HW8-immutable/5ff935d3-d0ae-4dce-bfcd-d2f71bf2ca63.jpeg,,,1.0,7,GENERAL_ACTIVITY,GENERAL_ACTIVITY,0," [SECRET, EQUAL, yzy3yfzhtyxl6r0fya2s91pdiax]",10,GameBus Studio
29,Enjoy_an_activity_with_a_family_member,,https://campaigns.healthyw8.gamebus.eu/api/media/HW8-immutable/5ff935d3-d0ae-4dce-bfcd-d2f71bf2ca63.jpeg,,,1.0,7,GENERAL_ACTIVITY,GENERAL_ACTIVITY,0," [SECRET, EQUAL, qk78kxh2fb2ldhhaz8cm7pw2gp3tzyyv0k]",1,GameBus Studio
29,Call_a_friend,,https://campaigns.healthyw8.gamebus.eu/api/media/HW8-immutable/5ff935d3-d0ae-4dce-bfcd-d2f71bf2ca63.jpeg,,,1.0,7,GENERAL_ACTIVITY,GENERAL_ACTIVITY,0," [SECRET, EQUAL, y6ltem26tqz667fngfzpjt5806jch8k4bp826bk8wabjrj]",1,GameBus Studio
29,Take_a_15-minute_walk_without_stopping,,https://campaigns.healthyw8.gamebus.eu/api/media/HW8-immutable/5ff935d3-d0ae-4dce-bfcd-d2f71bf2ca63.jpeg,,,1.0,7,GENERAL_ACTIVITY,GENERAL_ACTIVITY,0," [SECRET, EQUAL, k2s1q8swvduivun513xlpptfw7bcid2pp88y6akgv57bwls]",1,GameBus Studio
29,Take_100_steps,,https://campaigns.healthyw8.gamebus.eu/api/media/HW8-immutable/5ff935d3-d0ae-4dce-bfcd-d2f71bf2ca63.jpeg,,,1.0,7,WALK,WALK,0,"[STEPS, STRICTLY_GREATER, 100], [SECRET, EQUAL, 19fe5bzx6774n9xsqcx7pqegkv0ig]",1,GameBus Studio
29,Take_8000_steps,,https://campaigns.healthyw8.gamebus.eu/api/media/HW8-immutable/5ff935d3-d0ae-4dce-bfcd-d2f71bf2ca63.jpeg,,,1.0,7,WALK,WALK,0,"[STEPS, STRICTLY_GREATER, 400], [SECRET, EQUAL, 58srzh8ib45cqhl3ublxki87mqvwn8oza7oq]",20,GameBus Studio
29,Cook_dinner_for_someone,,https://campaigns.healthyw8.gamebus.eu/api/media/HW8-immutable/5ff935d3-d0ae-4dce-bfcd-d2f71bf2ca63.jpeg,,,1.0,7,GENERAL_ACTIVITY,GENERAL_ACTIVITY,0," [SECRET, EQUAL, 7ja9cxq6norehp0tg952iallmsjyejvipqv5794jol]",1,GameBus Studio
29,Share_an_article,,https://campaigns.healthyw8.gamebus.eu/api/media/HW8-immutable/5ff935d3-d0ae-4dce-bfcd-d2f71bf2ca63.jpeg,,,1.0,7,GENERAL_ACTIVITY,GENERAL_ACTIVITY,0," [SECRET, EQUAL, ovvdabzvzuq5u8fgymfcc4aljtt8]",1,GameBus Studio
29,Cook_dinner_for_someone,,https://campaigns.healthyw8.gamebus.eu/api/media/HW8-immutable/5ff935d3-d0ae-4dce-bfcd-d2f71bf2ca63.jpeg,,,1.0,7,GENERAL_ACTIVITY,GENERAL_ACTIVITY,0," [SECRET, EQUAL, t8p7lwsuc4tc9qh4ccqvz498tinvhg73it4ahhjdxbnq]",1,GameBus Studio
29,Engage_with_others,,https://campaigns.healthyw8.gamebus.eu/api/media/HW8-immutable/5ff935d3-d0ae-4dce-bfcd-d2f71bf2ca63.jpeg,,,1.0,7,GENERAL_ACTIVITY,GENERAL_ACTIVITY,0," [SECRET, EQUAL, ogvds5jtd78gv4qdfmzpny7h0x2ozzai]",1,GameBus Studio
29,Go_to_a_social_event,,https://campaigns.healthyw8.gamebus.eu/api/media/HW8-immutable/5ff935d3-d0ae-4dce-bfcd-d2f71bf2ca63.jpeg,,,1.0,7,GENERAL_ACTIVITY,GENERAL_ACTIVITY,0," [SECRET, EQUAL, mpmc0jpglbwhqn5h1txcfo9yk2q8qi5mbiga5vz]",1,GameBus Studio
29,Cook_dinner_for_someone,,https://campaigns.healthyw8.gamebus.eu/api/media/HW8-immutable/5ff935d3-d0ae-4dce-bfcd-d2f71bf2ca63.jpeg,,,1.0,7,GENERAL_ACTIVITY,GENERAL_ACTIVITY,0," [SECRET, EQUAL, uq8u0kq72g98p50kgxul2r4d6ahk5nxq9wxbh3cjerh]",1,GameBus Studio
29,Call_a_friend,,https://campaigns.healthyw8.gamebus.eu/api/media/HW8-immutable/5ff935d3-d0ae-4dce-bfcd-d2f71bf2ca63.jpeg,,,1.0,7,GENERAL_ACTIVITY,GENERAL_ACTIVITY,0," [SECRET, EQUAL, 4siwcmr34g8x5swq85vuuth60pr9chfx0qovc8esmq5kgsw]",1,GameBus Studio
29,Say_hi_to_a_colleague,,https://campaigns.healthyw8.gamebus.eu/api/media/HW8-immutable/5ff935d3-d0ae-4dce-bfcd-d2f71bf2ca63.jpeg,,,1.0,7,GENERAL_ACTIVITY,GENERAL_ACTIVITY,0," [SECRET, EQUAL, u4d8bng46ar9mdavyfhn1wsmqanj8c2i6r5ig9ujd562]",1,GameBus Studio
29,Talk_to_a_family_member,,https://campaigns.healthyw8.gamebus.eu/api/media/HW8-immutable/5ff935d3-d0ae-4dce-bfcd-d2f71bf2ca63.jpeg,,,1.0,7,GENERAL_ACTIVITY,GENERAL_ACTIVITY,0," [SECRET, EQUAL, ueljx9tmihs556sjthjj47tlx5]",1,GameBus Studio
29,Engage_with_others,,https://campaigns.healthyw8.gamebus.eu/api/media/HW8-immutable/5ff935d3-d0ae-4dce-bfcd-d2f71bf2ca63.jpeg,,,1.0,7,GENERAL_ACTIVITY,GENERAL_ACTIVITY,0," [SECRET, EQUAL, qbmoweofz4svlil2d]",1,GameBus Studio
29,Join_a_community_event,,https://campaigns.healthyw8.gamebus.eu/api/media/HW8-immutable/5ff935d3-d0ae-4dce-bfcd-d2f71bf2ca63.jpeg,,,1.0,7,GENERAL_ACTIVITY,GENERAL_ACTIVITY,0," [SECRET, EQUAL, zt8umc21fggbxkbumyjeer0xkhrivp8m5jqd90]",10,GameBus Studio
30,Go_on_a_30_min_walk,,https://campaigns.healthyw8.gamebus.eu/api/media/HW8-immutable/5ff935d3-d0ae-4dce-bfcd-d2f71bf2ca63.jpeg,,,1.0,7,GENERAL_ACTIVITY,GENERAL_ACTIVITY,0," [SECRET, EQUAL, o8r5b76yxyg3p0xqn6lyhd8xdvlnm]",1,GameBus Studio
30,Talk_to_an_old_colleague,,https://campaigns.healthyw8.gamebus.eu/api/media/HW8-immutable/5ff935d3-d0ae-4dce-bfcd-d2f71bf2ca63.jpeg,,,1.0,7,GENERAL_ACTIVITY,GENERAL_ACTIVITY,0," [SECRET, EQUAL, u1c1o9e86a1j4kx4iui]",1,GameBus Studio
30,Take_between_1500_and_2500_steps,,https://campaigns.healthyw8.gamebus.eu/api/media/HW8-immutable/5ff935d3-d0ae-4dce-bfcd-d2f71bf2ca63.jpeg,,,1.0,7,WALK,WALK,0,"[STEPS, STRICTLY_GREATER, 1500], [SECRET, EQUAL, jjupj0b09829sq0khl0qc5nrc673zn15iw38c6cs3]",1,GameBus Studio
30,Take_8000_steps,,https://campaigns.healthyw8.gamebus.eu/api/media/HW8-immutable/5ff935d3-d0ae-4dce-bfcd-d2f71bf2ca63.jpeg,,,1.0,7,WALK,WALK,0,"[STEPS, STRICTLY_GREATER, 400], [SECRET, EQUAL, ihuf1xnj9babek7e4qxahczey644ue]",20,GameBus Studio
30,Say_hi_to_a_colleague,,https://campaigns.healthyw8.gamebus.eu/api/media/HW8-immutable/5ff935d3-d0ae-4dce-bfcd-d2f71bf2ca63.jpeg,,,1.0,7,GENERAL_ACTIVITY,GENERAL_ACTIVITY,0," [SECRET, EQUAL, k89l9jvnaf264yi3l6oikel97v5l]",1,GameBus Studio
30,Plan_an_event_with_others,,https://campaigns.healthyw8.gamebus.eu/api/media/HW8-immutable/5ff935d3-d0ae-4dce-bfcd-d2f71bf2ca63.jpeg,,,1.0,7,GENERAL_ACTIVITY,GENERAL_ACTIVITY,0," [SECRET, EQUAL, 3a5sbae2rh24ug3d32u9gpdbp67dw5a07hv2t]",7,GameBus Studio
